id,proposal_id,person_id,created_at,updated_at,rating,watched_movie_id
00473ecf-7601-4eeb-b3a8-8dbe0c554f70,010fe522-7459-45de-8051-58177c410d40,bf6f8662-b890-496c-bbd7-6f213b86ca91,2025-08-26 20:41:20.173611+00,2025-08-26 20:41:21.860413+00,2.0,
00a966d3-f1b7-4f02-b579-284459d3a15a,9d6f9e02-8b51-4739-ac26-473807235e3a,a2726890-883c-4164-b951-a0619f43d620,2025-09-05 23:16:51.984394+00,2025-09-05 23:16:51.984394+00,5.0,
00d5e94e-75dd-4923-a821-f3530ea9dae4,326ff74c-6563-48e9-88a7-ce9b34cf1ed9,bf6f8662-b890-496c-bbd7-6f213b86ca91,2025-08-26 20:39:10.237931+00,2025-08-26 20:39:24.923367+00,4.0,
04e10e0b-8592-4d91-89f5-0fd6174d36e6,,58fd01fe-b878-41d9-8135-a7f44dbab4d4,2025-09-05 23:19:25.21793+00,2025-09-14 21:08:22.481968+00,2.0,e13b249c-c02a-4e79-afdc-4b1f6983eb02
05b60afd-e78d-4089-b10e-1e6bf19dd8ae,,410277eb-539b-460c-aff9-24a4a1521dec,2025-09-22 19:32:37.846387+00,2025-09-23 17:42:32.580335+00,5.0,
05cc282c-211a-48e6-a5fe-8488a46c27e9,de867c76-28b3-4c69-a653-eee2dc5f8063,0dd6a46d-90a0-4fca-96bc-5de7241f3c6c,2025-09-25 19:36:23.882816+00,2025-09-25 19:36:24.686413+00,2.0,
05ff8074-03dd-4312-9f6b-767f759a7ade,aa84b2bc-f7ec-4901-975a-f7d336ad7c0a,c7f64752-3e0b-4b9c-b96a-ead26aa0258e,2025-08-25 20:16:07.863225+00,2025-08-29 20:07:58.718025+00,5.0,
06c5efc0-1f11-463b-b4f3-12575b2d19d9,,29ea2657-3e45-4d28-9abe-6db1d6cdd41b,2025-08-29 20:09:28.763371+00,2025-09-22 21:24:45.485416+00,5.0,e0342b90-a3e5-4f6d-8c42-3ccd59778d3a
07c8c808-0203-49bb-b292-8ead66631939,e088e965-efca-482c-9685-08b22812049f,e4f7f8ef-e94c-49ba-b692-99cefc421554,2025-09-11 14:39:00.733146+00,2025-09-11 14:39:00.733146+00,2.0,
08d4a6ad-db08-4300-a01a-740e8860b17a,5fefe6e4-be1a-426f-84f6-de65bea7ae81,0212b5e3-2b19-44a0-a39f-5c0202307872,2025-09-05 18:52:28.152722+00,2025-09-05 18:52:28.575289+00,5.0,
0ac64bac-3155-4ef1-a99c-bc793ccc895e,44f30529-0eb3-4dab-9ca7-db3d7cc945b0,a2726890-883c-4164-b951-a0619f43d620,2025-08-25 20:21:33.353422+00,2025-09-05 23:17:59.063892+00,3.0,
0ad27749-0dbc-4c0e-8099-096044dff6c0,de57bc19-e556-45df-b256-d4c12c6c536a,bf6f8662-b890-496c-bbd7-6f213b86ca91,2025-08-26 20:39:37.162205+00,2025-08-26 20:39:37.162205+00,5.0,
0ada275e-6474-486e-9a8e-4db3f96b9547,b4c85b07-ce16-4748-8d26-50c3511e0a11,0dd6a46d-90a0-4fca-96bc-5de7241f3c6c,2025-09-23 17:44:12.333381+00,2025-09-23 17:44:12.333381+00,3.0,
0af884f6-9e7c-48f6-8387-e07de52201f6,55b21b35-9ad5-42cd-b767-b4303b18c574,bf6f8662-b890-496c-bbd7-6f213b86ca91,2025-08-26 20:39:49.357887+00,2025-08-26 20:39:49.357887+00,5.0,
0b094124-de9a-47f9-b2b5-489032b5f3d3,d29c63d3-b972-4129-9a98-e568df4c9e13,58fd01fe-b878-41d9-8135-a7f44dbab4d4,2025-09-05 23:18:24.590297+00,2025-09-05 23:18:24.590297+00,2.0,
0b213c11-977d-4e67-9668-fd748a1a0627,a39a97be-3b4c-4daa-9602-48dbca57ffbb,a2726890-883c-4164-b951-a0619f43d620,2025-08-25 20:19:59.857371+00,2025-09-05 23:17:38.496639+00,4.0,
0c3eb849-b101-429a-99de-11f0029bae1e,78624a7f-5015-4907-9d5d-cfc740750271,81e43532-b6dd-438d-bd72-62be3723c0a4,2025-09-06 15:53:20.952893+00,2025-09-06 15:53:20.952893+00,4.0,
0d10d0f2-667a-4719-ba74-b0d476374890,,f47f4579-1502-4ca3-8997-2b8826c49806,2025-09-06 15:43:21.376149+00,2025-09-06 15:43:36.841294+00,2.0,0f92d7f9-708f-4265-b7a0-321dcc57bc4e
0de48d1c-62a9-4e6c-9956-394568e14770,1bfef229-9c70-4168-94d6-880d37e5da96,410277eb-539b-460c-aff9-24a4a1521dec,2025-09-08 19:44:06.305093+00,2025-09-08 19:44:06.305093+00,5.0,
10768a2e-f37e-4bc0-8757-0835cc7a39a4,5b78b2bf-602e-4add-b8eb-78f0cb108df0,e2422f0b-540b-4f35-9ddb-8f4610471bf6,2025-08-24 19:38:04.819107+00,2025-08-28 09:56:05.609229+00,5.0,
10bab048-7ba1-43d6-a330-8e2e341925fc,c29672ee-796b-4ce2-82e1-8dd2ab26b307,58fd01fe-b878-41d9-8135-a7f44dbab4d4,2025-08-24 19:50:55.967852+00,2025-08-26 20:11:55.286641+00,3.0,
11cdf811-e502-47f0-9e6d-630e5f16216e,9d6f9e02-8b51-4739-ac26-473807235e3a,58fd01fe-b878-41d9-8135-a7f44dbab4d4,2025-08-26 20:14:28.783329+00,2025-08-26 20:14:28.783329+00,5.0,
12c0cd96-d419-4a32-81de-28ab6c518b90,1bfef229-9c70-4168-94d6-880d37e5da96,bf6f8662-b890-496c-bbd7-6f213b86ca91,2025-09-12 11:17:37.030886+00,2025-09-12 11:17:37.030886+00,4.0,
12e94fec-e48f-4133-ba02-90ef913b79e0,5b78b2bf-602e-4add-b8eb-78f0cb108df0,58fd01fe-b878-41d9-8135-a7f44dbab4d4,2025-08-24 19:52:41.572985+00,2025-08-26 20:14:09.963406+00,2.0,
12fbfc15-1505-4552-8a8f-01fa61f26c19,aa84b2bc-f7ec-4901-975a-f7d336ad7c0a,410277eb-539b-460c-aff9-24a4a1521dec,2025-08-24 19:45:07.794624+00,2025-08-26 17:24:20.078813+00,5.0,
13012640-fe71-42a2-a0c8-d558143672ec,,81e43532-b6dd-438d-bd72-62be3723c0a4,2025-09-06 15:43:24.36333+00,2025-09-06 15:43:36.841294+00,1.0,0f92d7f9-708f-4265-b7a0-321dcc57bc4e
134d214d-5382-4ec4-b125-ecdb2a02b006,a97a3bd4-192e-4a1d-8089-631d1a04ee88,b00f5b54-aabe-4272-a5a3-9f75bbf698e9,2025-08-24 19:40:54.653091+00,2025-08-26 17:47:40.90383+00,5.0,
13c71fa8-9b78-46a3-a0fc-2230cc183aed,33b2175a-3b74-4c25-958b-97b823fd814e,4c11d5fc-32e7-4202-8b96-bc911288d4d6,2025-09-22 17:16:41.960073+00,2025-09-22 17:16:41.960073+00,3.0,
14560254-d222-40f5-98f0-cce28b08c617,29d948d7-5f36-45d7-958b-476aff7f0e34,a2726890-883c-4164-b951-a0619f43d620,2025-09-05 23:14:02.127245+00,2025-09-05 23:14:02.127245+00,2.0,
1484cef8-3e63-453f-9709-748cdccf3e6c,b4c85b07-ce16-4748-8d26-50c3511e0a11,b00f5b54-aabe-4272-a5a3-9f75bbf698e9,2025-09-23 15:22:40.28801+00,2025-09-23 15:22:40.28801+00,3.0,
149792b8-37ad-4779-ba84-b6c3a7051c98,8cdceae4-b95f-4bf9-9958-32eef0bc39e1,e4f7f8ef-e94c-49ba-b692-99cefc421554,2025-09-07 17:06:54.606955+00,2025-09-07 17:06:54.606955+00,3.0,
14e2060f-0e92-4fba-aed0-33e8f2562f24,ca243944-18cd-4721-bd4b-34a09821925b,4de727b2-3853-4fcc-9ad2-2b80d3f02e1c,2025-09-05 23:16:32.149159+00,2025-09-05 23:16:32.149159+00,5.0,
152d7056-5f5c-4b0a-a772-722f2df53f2c,29d948d7-5f36-45d7-958b-476aff7f0e34,b00f5b54-aabe-4272-a5a3-9f75bbf698e9,2025-09-05 23:11:24.437646+00,2025-09-05 23:11:24.437646+00,1.0,
1596d1ca-9c79-454d-b0f6-2cfc094f4629,b94e7e71-2843-4c04-97b2-6ac00ab3cc3a,c7f64752-3e0b-4b9c-b96a-ead26aa0258e,2025-08-25 20:25:53.854304+00,2025-08-29 20:07:30.435036+00,5.0,
1763bf1d-9821-4e39-b5c5-89d4c4759c59,796b2e6d-b8f5-4a62-9040-2094a5bf720c,410277eb-539b-460c-aff9-24a4a1521dec,2025-09-22 19:32:31.768365+00,2025-09-22 19:32:31.768365+00,5.0,
17a9f204-880c-4f00-9a1d-0f5d77c3ce05,796b2e6d-b8f5-4a62-9040-2094a5bf720c,bf6f8662-b890-496c-bbd7-6f213b86ca91,2025-09-23 17:43:53.90075+00,2025-09-23 17:43:53.90075+00,5.0,
1823c084-42ee-4245-9bef-59d4ce0d2bbc,9fd581ea-a5b1-4f78-a183-1bf272c7a8b9,bf6f8662-b890-496c-bbd7-6f213b86ca91,2025-09-23 17:44:14.74277+00,2025-09-23 17:44:14.74277+00,4.0,
187054c6-2aef-48b2-af71-b5e5a8928053,9d6f9e02-8b51-4739-ac26-473807235e3a,29ea2657-3e45-4d28-9abe-6db1d6cdd41b,2025-08-29 20:12:54.029402+00,2025-08-29 20:12:54.029402+00,1.0,
187d007a-d5ab-4d05-aafe-24168c70eb0b,5b78b2bf-602e-4add-b8eb-78f0cb108df0,0dd6a46d-90a0-4fca-96bc-5de7241f3c6c,2025-08-24 19:41:00.607648+00,2025-08-27 18:06:04.747583+00,3.0,
19156d77-55d5-4416-92d7-e8495a8d9daf,de57bc19-e556-45df-b256-d4c12c6c536a,a2726890-883c-4164-b951-a0619f43d620,2025-08-25 20:13:01.478863+00,2025-09-05 23:15:06.367307+00,3.0,
19a0dfb8-3a14-451c-85f6-b1c12060745d,5b78b2bf-602e-4add-b8eb-78f0cb108df0,4c4fcd34-a462-4c60-aa86-fa9731ea7212,2025-08-27 19:17:34.389959+00,2025-08-27 19:17:36.165859+00,3.0,
19f007ee-2879-402c-89ab-ac78c6c5796f,09b826fc-893f-459f-be25-291dafd6a752,58fd01fe-b878-41d9-8135-a7f44dbab4d4,2025-08-29 23:36:48.95771+00,2025-08-29 23:36:48.95771+00,5.0,
19fb5fbe-b1fe-4ae0-86c1-b99baf608e9a,9d6f9e02-8b51-4739-ac26-473807235e3a,4de727b2-3853-4fcc-9ad2-2b80d3f02e1c,2025-09-05 23:15:16.84672+00,2025-09-05 23:15:16.84672+00,5.0,
1a0ffeef-6da5-4beb-ba4a-ef533da49234,33b2175a-3b74-4c25-958b-97b823fd814e,bf6f8662-b890-496c-bbd7-6f213b86ca91,2025-08-26 20:38:32.111067+00,2025-08-26 20:38:32.111067+00,1.0,
1a657506-cd1e-413c-9857-6a72cec7beee,a97a3bd4-192e-4a1d-8089-631d1a04ee88,bf6f8662-b890-496c-bbd7-6f213b86ca91,2025-08-26 20:40:06.725682+00,2025-08-26 20:40:06.725682+00,4.0,
1bc111cc-184d-422e-990d-4473877daa6b,010fe522-7459-45de-8051-58177c410d40,0212b5e3-2b19-44a0-a39f-5c0202307872,2025-08-27 19:20:24.638505+00,2025-08-27 19:20:24.638505+00,5.0,
1d084365-1ad5-43d4-add3-61af25240a16,8f91c4af-5a9c-446d-aef9-2ae7e308bd2d,81e43532-b6dd-438d-bd72-62be3723c0a4,2025-09-07 17:06:37.20559+00,2025-09-07 17:06:37.20559+00,2.0,
1d3d95c6-7a75-42b9-b5b0-c9bf53fd1feb,,4a129334-f055-43ce-849d-5edeb7b82b1f,2025-09-06 14:45:59.667894+00,2025-09-06 15:53:46.499495+00,2.0,3baacdc6-7365-4424-b88d-b21b34a5e85d
1eb41ce7-21ad-4447-9835-f50dbb7a24d1,29d948d7-5f36-45d7-958b-476aff7f0e34,29ea2657-3e45-4d28-9abe-6db1d6cdd41b,2025-09-05 23:11:19.073756+00,2025-09-05 23:21:26.404433+00,2.0,
1ed05061-2fbc-4bae-b6b1-aba1a11a678b,a97a3bd4-192e-4a1d-8089-631d1a04ee88,4c11d5fc-32e7-4202-8b96-bc911288d4d6,2025-09-22 17:17:24.452176+00,2025-09-22 17:17:24.452176+00,3.0,
1f296f58-ea56-4e24-a51c-75863b16831c,a97a3bd4-192e-4a1d-8089-631d1a04ee88,0dd6a46d-90a0-4fca-96bc-5de7241f3c6c,2025-08-24 19:41:55.613174+00,2025-08-27 18:05:42.311786+00,4.0,
1f632707-ecf6-4b6d-be7e-246c695f9cde,5b78b2bf-602e-4add-b8eb-78f0cb108df0,c7f64752-3e0b-4b9c-b96a-ead26aa0258e,2025-08-25 20:16:43.646948+00,2025-08-29 20:07:45.004503+00,1.0,
1f99007c-cccf-424f-b9e3-fe68b2692d34,c93ec566-cce8-461e-9ef3-a270f669097a,e4f7f8ef-e94c-49ba-b692-99cefc421554,2025-09-11 14:23:19.483747+00,2025-09-11 14:23:19.483747+00,1.0,
203ad257-f350-428e-bbc5-1cd977baed48,ca243944-18cd-4721-bd4b-34a09821925b,bf6f8662-b890-496c-bbd7-6f213b86ca91,2025-09-02 20:14:52.178425+00,2025-09-02 20:14:52.178425+00,5.0,
2084b1a1-678c-47f9-a7f4-f1193a031899,5b78b2bf-602e-4add-b8eb-78f0cb108df0,bf6f8662-b890-496c-bbd7-6f213b86ca91,2025-08-26 20:40:27.670819+00,2025-08-26 20:40:27.670819+00,4.0,
2139a3d5-ca73-4090-993d-f5f432507c67,,0dd6a46d-90a0-4fca-96bc-5de7241f3c6c,2025-09-05 23:16:27.745258+00,2025-09-08 21:30:32.638398+00,5.0,
215e35d9-76e7-4f76-862f-0f8203a09364,d29c63d3-b972-4129-9a98-e568df4c9e13,b00f5b54-aabe-4272-a5a3-9f75bbf698e9,2025-09-05 23:18:12.545571+00,2025-09-05 23:18:12.545571+00,1.0,
224007fd-2d87-4e2c-8502-e9ecd37d76bb,34f4243d-e7fb-4e34-b5ff-b8853ef209b3,29ea2657-3e45-4d28-9abe-6db1d6cdd41b,2025-08-25 09:43:45.928694+00,2025-08-26 18:20:28.635172+00,3.0,
2270e129-deb4-42cf-b24c-e793c90a7b58,63d5d20c-7a7c-44a9-b7b6-941da1b5bff9,81e43532-b6dd-438d-bd72-62be3723c0a4,2025-09-08 13:34:20.679633+00,2025-09-08 13:34:20.679633+00,2.0,
22e3de60-8949-484c-b762-c42987c622c3,29d948d7-5f36-45d7-958b-476aff7f0e34,4de727b2-3853-4fcc-9ad2-2b80d3f02e1c,2025-09-05 23:14:31.336469+00,2025-09-05 23:14:31.336469+00,4.0,
23063502-9a98-4606-afd0-e93d67d7ea3c,,4de727b2-3853-4fcc-9ad2-2b80d3f02e1c,2025-09-09 05:46:33.086516+00,2025-09-22 21:24:45.485416+00,2.0,e0342b90-a3e5-4f6d-8c42-3ccd59778d3a
2391704e-d014-462b-b338-10b2e76fcabc,76ca1e54-176d-49d5-a63f-a59080b7cd98,9c974d76-199c-4c05-bd80-2a0681451fe1,2025-09-06 14:27:06.071352+00,2025-09-06 14:27:06.071352+00,1.0,
23e15e42-2905-4c5e-9cb2-da69d913b1e1,326ff74c-6563-48e9-88a7-ce9b34cf1ed9,4c4fcd34-a462-4c60-aa86-fa9731ea7212,2025-08-27 19:14:48.646807+00,2025-08-27 19:14:48.646807+00,1.0,
23e3aa67-35b2-432d-900d-dbd4398315b4,33b2175a-3b74-4c25-958b-97b823fd814e,29ea2657-3e45-4d28-9abe-6db1d6cdd41b,2025-08-25 09:43:50.541316+00,2025-08-26 18:20:01.925008+00,1.0,
2610271d-a1b6-4ef4-81db-33fded85bdfc,add0aa18-d07e-4d70-b067-ef5d22a06add,a2726890-883c-4164-b951-a0619f43d620,2025-09-05 23:17:47.579471+00,2025-09-05 23:17:47.579471+00,4.0,
267d5631-ca2b-4a73-8044-15ed16b5147f,a39a97be-3b4c-4daa-9602-48dbca57ffbb,410277eb-539b-460c-aff9-24a4a1521dec,2025-08-25 19:34:35.649863+00,2025-08-26 17:25:08.051595+00,5.0,
26889e71-3f0c-4ded-a3af-67c0d021a45e,09b826fc-893f-459f-be25-291dafd6a752,0212b5e3-2b19-44a0-a39f-5c0202307872,2025-09-05 19:22:55.151296+00,2025-09-05 19:22:55.151296+00,1.0,
28037bd0-1f9f-4648-abd7-d54ad8b095ed,caf97668-a982-4dbd-9c76-7b7675836dd7,4c4fcd34-a462-4c60-aa86-fa9731ea7212,2025-08-27 19:20:53.281393+00,2025-08-27 19:20:53.281393+00,4.0,
28189cdf-f317-4d50-9f0b-ea657fbcb1d7,ca243944-18cd-4721-bd4b-34a09821925b,410277eb-539b-460c-aff9-24a4a1521dec,2025-08-27 22:33:19.466179+00,2025-08-27 22:33:19.466179+00,5.0,
299271a1-9ce8-4d18-bad5-3078872e3637,1bfef229-9c70-4168-94d6-880d37e5da96,b00f5b54-aabe-4272-a5a3-9f75bbf698e9,2025-09-08 20:19:51.377073+00,2025-09-08 20:19:51.377073+00,3.0,
29e26719-7251-414d-a568-cbd90c8150e3,,29ea2657-3e45-4d28-9abe-6db1d6cdd41b,2025-09-04 12:39:17.915481+00,2025-09-14 21:08:22.481968+00,5.0,e13b249c-c02a-4e79-afdc-4b1f6983eb02
2a4d8b8c-4bb7-4771-b065-17fe286bb803,1bfef229-9c70-4168-94d6-880d37e5da96,a2726890-883c-4164-b951-a0619f43d620,2025-09-23 17:33:13.440018+00,2025-09-23 17:33:13.440018+00,5.0,
2aaf7db5-2df8-4a86-9ba2-845805e4e14d,,bf6f8662-b890-496c-bbd7-6f213b86ca91,2025-09-12 11:16:47.923269+00,2025-09-14 21:08:22.481968+00,1.0,e13b249c-c02a-4e79-afdc-4b1f6983eb02
2b735957-aed0-4a2a-af8a-f8463bc17b92,010fe522-7459-45de-8051-58177c410d40,c7f64752-3e0b-4b9c-b96a-ead26aa0258e,2025-08-25 20:17:22.352254+00,2025-08-29 20:06:47.571236+00,5.0,
2bbf2889-6bfc-4f77-bbf2-c82acfd3cc08,55b21b35-9ad5-42cd-b767-b4303b18c574,4c11d5fc-32e7-4202-8b96-bc911288d4d6,2025-09-22 17:17:43.527642+00,2025-09-22 17:17:43.527642+00,2.0,
2bea5afd-0a8a-4da7-bd76-591dd2d39208,aa84b2bc-f7ec-4901-975a-f7d336ad7c0a,e2422f0b-540b-4f35-9ddb-8f4610471bf6,2025-08-25 10:33:08.397327+00,2025-08-28 09:55:51.638024+00,1.0,
2c44b08b-69b5-4863-9aa6-f198fef6f657,44f30529-0eb3-4dab-9ca7-db3d7cc945b0,29ea2657-3e45-4d28-9abe-6db1d6cdd41b,2025-08-25 20:20:15.228014+00,2025-08-26 18:21:16.030877+00,3.0,
2cef3990-f852-4e48-a358-3dc35b906517,,4c4fcd34-a462-4c60-aa86-fa9731ea7212,2025-08-27 19:15:09.522313+00,2025-09-23 21:58:56.100797+00,2.0,e99fa35b-992f-4074-a820-1f67a802afef
2d69e681-0b0a-424e-9b7c-9dfdfed79ce3,aa84b2bc-f7ec-4901-975a-f7d336ad7c0a,4c11d5fc-32e7-4202-8b96-bc911288d4d6,2025-09-23 14:08:51.868897+00,2025-09-23 14:08:51.868897+00,3.0,
2dc21d99-b003-4b1b-bad2-66c18362c1ff,e088e965-efca-482c-9685-08b22812049f,81e43532-b6dd-438d-bd72-62be3723c0a4,2025-09-11 14:22:35.179553+00,2025-09-11 14:22:35.179553+00,3.0,
2e031db6-c096-4a22-9fda-681efe38ecff,9fd581ea-a5b1-4f78-a183-1bf272c7a8b9,0dd6a46d-90a0-4fca-96bc-5de7241f3c6c,2025-09-23 17:44:44.319248+00,2025-09-23 17:44:44.319248+00,4.0,
2e26f2e7-8625-4eb2-8a0b-8b3b51c69747,09b826fc-893f-459f-be25-291dafd6a752,4c11d5fc-32e7-4202-8b96-bc911288d4d6,2025-09-22 17:17:34.295884+00,2025-09-22 17:17:34.295884+00,4.0,
2e458d99-0d99-43b9-8f84-a940b8de58ef,33b2175a-3b74-4c25-958b-97b823fd814e,410277eb-539b-460c-aff9-24a4a1521dec,2025-08-24 19:49:21.208506+00,2025-08-26 17:23:57.576284+00,5.0,
2e7cc450-1bfc-45cc-85a9-4616f5d2f6a7,29d948d7-5f36-45d7-958b-476aff7f0e34,4c11d5fc-32e7-4202-8b96-bc911288d4d6,2025-09-22 17:16:31.018244+00,2025-09-22 17:16:31.018244+00,2.0,
2ec1476b-1126-4909-86d8-8e4488c3c250,,a2726890-883c-4164-b951-a0619f43d620,2025-09-05 23:19:12.178828+00,2025-09-14 21:08:22.481968+00,3.0,e13b249c-c02a-4e79-afdc-4b1f6983eb02
2ecad71b-920a-487c-aed3-a2a931b0fa6d,,bf6f8662-b890-496c-bbd7-6f213b86ca91,2025-09-02 20:13:59.871741+00,2025-09-22 21:24:45.485416+00,4.0,e0342b90-a3e5-4f6d-8c42-3ccd59778d3a
2ef26924-afcf-40fa-a96d-e50e5fc4bd8e,d29c63d3-b972-4129-9a98-e568df4c9e13,4c11d5fc-32e7-4202-8b96-bc911288d4d6,2025-09-22 17:16:18.542056+00,2025-09-22 17:16:18.542056+00,1.0,
2f46e814-7c3f-4fac-95b7-0dae6c45c0e8,b4c85b07-ce16-4748-8d26-50c3511e0a11,410277eb-539b-460c-aff9-24a4a1521dec,2025-09-23 17:27:00.762587+00,2025-09-23 17:27:00.762587+00,5.0,
31a7d286-83dc-4014-a241-1f222abad609,5b78b2bf-602e-4add-b8eb-78f0cb108df0,410277eb-539b-460c-aff9-24a4a1521dec,2025-08-24 19:45:43.24733+00,2025-08-26 17:24:33.385813+00,5.0,
31b1df0a-2a70-464b-924c-9b63f37cb053,2a16fdea-5cc3-44d3-a560-faf9777ada54,410277eb-539b-460c-aff9-24a4a1521dec,2025-09-05 23:18:28.614025+00,2025-09-05 23:18:28.614025+00,5.0,
31e08d17-15c9-4917-81f7-f9396015293c,29d948d7-5f36-45d7-958b-476aff7f0e34,bf6f8662-b890-496c-bbd7-6f213b86ca91,2025-09-12 11:16:32.906518+00,2025-09-12 11:16:32.906518+00,5.0,
326b0c36-e3b4-4db0-9bc7-366ae9104e2f,ca243944-18cd-4721-bd4b-34a09821925b,b00f5b54-aabe-4272-a5a3-9f75bbf698e9,2025-08-27 19:22:55.643122+00,2025-08-27 19:22:55.643122+00,1.0,
33a36aae-a79c-43e4-9728-b44db12199dc,357a1aa0-f487-4fa4-94ee-9221d5773907,bf6f8662-b890-496c-bbd7-6f213b86ca91,2025-09-23 17:44:22.218306+00,2025-09-23 17:44:22.218306+00,2.0,
33f78415-84df-4719-acbc-88b0ff23c158,add0aa18-d07e-4d70-b067-ef5d22a06add,e2422f0b-540b-4f35-9ddb-8f4610471bf6,2025-08-25 19:49:16.162172+00,2025-08-28 09:56:57.930221+00,1.0,
3462fb1e-71d9-4261-914c-4c7dcd921622,5fefe6e4-be1a-426f-84f6-de65bea7ae81,e2422f0b-540b-4f35-9ddb-8f4610471bf6,2025-09-05 23:22:58.439318+00,2025-09-05 23:22:58.439318+00,4.0,
36c1f5c0-2527-4b29-b30e-1aec53fa4fff,446e0d92-5ff7-4069-8527-0c9189df7671,4de727b2-3853-4fcc-9ad2-2b80d3f02e1c,2025-09-09 05:44:43.337258+00,2025-09-09 05:44:50.914542+00,3.0,
37ac3c08-2219-45d3-9787-60d813974ee8,add0aa18-d07e-4d70-b067-ef5d22a06add,4de727b2-3853-4fcc-9ad2-2b80d3f02e1c,2025-09-23 17:33:30.314909+00,2025-09-23 17:33:30.314909+00,5.0,
3a3ede31-e5a5-4342-855a-a866a5f31199,,58fd01fe-b878-41d9-8135-a7f44dbab4d4,2025-09-25 19:37:21.393261+00,2025-09-25 22:02:41.016365+00,4.0,5a75c8c1-f378-4f2b-830c-6474ab7f1fb0
3a5a4bef-0fe5-4c87-94da-56c56bd252d7,1bfef229-9c70-4168-94d6-880d37e5da96,5d2a8362-b232-4766-acfa-019ebd70b958,2025-09-08 17:09:34.055637+00,2025-09-08 17:09:34.055637+00,5.0,
3a67e4f2-d0cd-4513-938f-6aa237f54cf5,aa84b2bc-f7ec-4901-975a-f7d336ad7c0a,4c4fcd34-a462-4c60-aa86-fa9731ea7212,2025-08-27 19:16:34.484721+00,2025-08-27 19:16:34.484721+00,4.0,
3ac257db-f538-455b-bacf-2dd8f756396d,c29672ee-796b-4ce2-82e1-8dd2ab26b307,e2422f0b-540b-4f35-9ddb-8f4610471bf6,2025-08-24 19:38:00.185959+00,2025-08-28 09:55:19.244063+00,3.0,
3b131b42-9a54-4a56-bbbe-b690d8c23e34,,0dd6a46d-90a0-4fca-96bc-5de7241f3c6c,2025-08-25 19:32:32.155149+00,2025-09-23 21:58:56.100797+00,5.0,e99fa35b-992f-4074-a820-1f67a802afef
3bd075de-5730-43cb-87b8-d414f591b1b6,c29672ee-796b-4ce2-82e1-8dd2ab26b307,29ea2657-3e45-4d28-9abe-6db1d6cdd41b,2025-08-25 09:43:21.111825+00,2025-08-26 18:20:06.162357+00,3.0,
3bec63c2-824c-4a8c-a256-712b65dd29b5,357a1aa0-f487-4fa4-94ee-9221d5773907,4de727b2-3853-4fcc-9ad2-2b80d3f02e1c,2025-09-23 17:33:24.613811+00,2025-09-23 17:33:24.613811+00,2.0,
3c2e4d36-678c-4b07-a21b-e5cdc36bfaa7,add0aa18-d07e-4d70-b067-ef5d22a06add,b00f5b54-aabe-4272-a5a3-9f75bbf698e9,2025-08-25 20:14:53.98416+00,2025-08-26 17:48:06.579293+00,3.0,
3c66ab05-af8b-40d5-b74e-1e9fa6f825e3,aa84b2bc-f7ec-4901-975a-f7d336ad7c0a,29ea2657-3e45-4d28-9abe-6db1d6cdd41b,2025-08-25 09:43:28.779345+00,2025-08-26 18:20:15.818365+00,1.0,
3cd3863d-021e-44dc-8eae-b4876eebeefe,a39a97be-3b4c-4daa-9602-48dbca57ffbb,b00f5b54-aabe-4272-a5a3-9f75bbf698e9,2025-08-25 12:45:34.186285+00,2025-08-26 17:48:04.313348+00,5.0,
3e150a94-0d16-4b79-9077-eb777467dacd,ca243944-18cd-4721-bd4b-34a09821925b,58fd01fe-b878-41d9-8135-a7f44dbab4d4,2025-08-27 18:33:50.20179+00,2025-08-27 18:33:51.60893+00,5.0,
3ea6c34a-d95c-4928-8bfd-ad01aeb18d94,3fb064b3-c8cb-4102-a751-6e5341f50049,29ea2657-3e45-4d28-9abe-6db1d6cdd41b,2025-09-08 21:18:04.117545+00,2025-09-08 21:18:04.117545+00,3.0,
3f0aeacb-6922-431c-b93d-e29cfabacf17,,e4f7f8ef-e94c-49ba-b692-99cefc421554,2025-09-06 14:45:57.125759+00,2025-09-06 15:53:46.499495+00,5.0,3baacdc6-7365-4424-b88d-b21b34a5e85d
3f1d8f92-8e83-4e22-bce3-4e239aada106,a97a3bd4-192e-4a1d-8089-631d1a04ee88,58fd01fe-b878-41d9-8135-a7f44dbab4d4,2025-08-24 19:53:25.598709+00,2025-08-26 20:13:35.322809+00,4.0,
3f418c92-2d95-4e52-b444-29641deece7f,02e616a5-a398-4dcf-9972-0526e0bb5452,b00f5b54-aabe-4272-a5a3-9f75bbf698e9,2025-09-23 18:58:21.766164+00,2025-09-23 18:58:21.766164+00,4.0,
400e10c2-8b94-4330-8ded-baa150cd4bb8,010fe522-7459-45de-8051-58177c410d40,29ea2657-3e45-4d28-9abe-6db1d6cdd41b,2025-08-25 20:19:44.696652+00,2025-08-26 18:21:18.231714+00,2.0,
40297644-4317-4669-9f6d-66499f90566b,78624a7f-5015-4907-9d5d-cfc740750271,4a129334-f055-43ce-849d-5edeb7b82b1f,2025-09-06 15:53:20.035781+00,2025-09-06 15:53:20.035781+00,1.0,
409b9af6-951d-49fb-81a7-986f51fac895,d29c63d3-b972-4129-9a98-e568df4c9e13,410277eb-539b-460c-aff9-24a4a1521dec,2025-09-05 23:18:40.253167+00,2025-09-05 23:18:40.253167+00,5.0,
40e18c4f-16fa-436d-9b03-9c4f31a35285,b94e7e71-2843-4c04-97b2-6ac00ab3cc3a,0212b5e3-2b19-44a0-a39f-5c0202307872,2025-08-27 19:18:23.258496+00,2025-08-27 19:18:23.864596+00,1.0,
4158ed43-035a-4cc4-b40b-e702211312d1,d29c63d3-b972-4129-9a98-e568df4c9e13,bf6f8662-b890-496c-bbd7-6f213b86ca91,2025-09-12 11:16:27.703047+00,2025-09-12 11:16:28.583851+00,5.0,
419a83a9-e5db-4bf6-ae9f-6b361745dfbd,357a1aa0-f487-4fa4-94ee-9221d5773907,58fd01fe-b878-41d9-8135-a7f44dbab4d4,2025-09-22 21:40:30.682068+00,2025-09-22 21:40:30.682068+00,3.0,
42c94c8e-4a20-4131-90bd-791cc1785b47,3fb064b3-c8cb-4102-a751-6e5341f50049,58fd01fe-b878-41d9-8135-a7f44dbab4d4,2025-09-22 10:04:29.437637+00,2025-09-22 10:04:29.437637+00,2.0,
42f5d436-ae4b-4916-87de-177faa45c704,,b00f5b54-aabe-4272-a5a3-9f75bbf698e9,2025-08-29 20:07:33.1004+00,2025-09-22 21:24:45.485416+00,4.0,e0342b90-a3e5-4f6d-8c42-3ccd59778d3a
431baf66-f6cb-4ac9-ab9c-fc4156b88043,44f30529-0eb3-4dab-9ca7-db3d7cc945b0,0dd6a46d-90a0-4fca-96bc-5de7241f3c6c,2025-08-25 20:14:58.637413+00,2025-08-27 18:08:28.446896+00,3.0,
434f6025-e55d-4e1c-86d7-d7f5c3040369,,58fd01fe-b878-41d9-8135-a7f44dbab4d4,2025-09-22 10:04:15.254746+00,2025-09-23 17:42:32.580335+00,3.0,
43706bd0-2e5b-420d-bc78-58505e3a3db2,9d6f9e02-8b51-4739-ac26-473807235e3a,4c11d5fc-32e7-4202-8b96-bc911288d4d6,2025-09-22 17:16:22.484608+00,2025-09-22 17:16:22.484608+00,3.0,
4420bfff-d597-4cfc-bbac-7862bf257dd6,de57bc19-e556-45df-b256-d4c12c6c536a,4c4fcd34-a462-4c60-aa86-fa9731ea7212,2025-08-27 17:54:46.267221+00,2025-08-27 17:54:46.267221+00,5.0,
44f9ee33-3fed-4bc9-a93a-bfb0eb7d7fe2,caf97668-a982-4dbd-9c76-7b7675836dd7,58fd01fe-b878-41d9-8135-a7f44dbab4d4,2025-08-27 18:33:56.752932+00,2025-08-27 18:33:56.752932+00,3.0,
467f0ee8-1d2f-4500-b93f-cb89e7dd6e5a,78624a7f-5015-4907-9d5d-cfc740750271,9c974d76-199c-4c05-bd80-2a0681451fe1,2025-09-06 15:53:24.5619+00,2025-09-06 15:53:24.5619+00,2.0,
46af6fbd-2feb-4591-ba0b-9fdc60c9217c,,4c11d5fc-32e7-4202-8b96-bc911288d4d6,2025-09-22 17:16:10.206156+00,2025-09-22 21:24:45.485416+00,1.0,e0342b90-a3e5-4f6d-8c42-3ccd59778d3a
473fd5e4-8fd1-4840-9007-8c9d8b9268c5,,a2726890-883c-4164-b951-a0619f43d620,2025-09-23 17:32:05.676764+00,2025-09-23 17:42:32.580335+00,5.0,
476dd9bd-8a95-44b3-b95c-511a4234611f,caf97668-a982-4dbd-9c76-7b7675836dd7,0212b5e3-2b19-44a0-a39f-5c0202307872,2025-08-27 19:21:15.026088+00,2025-08-27 19:21:16.396335+00,4.0,
4770d335-346c-41a3-8f2e-5634cec708e6,326ff74c-6563-48e9-88a7-ce9b34cf1ed9,58fd01fe-b878-41d9-8135-a7f44dbab4d4,2025-08-24 19:54:15.800596+00,2025-08-26 20:11:50.415823+00,5.0,
48d742da-77af-418a-b302-c1fca1ab4784,caf97668-a982-4dbd-9c76-7b7675836dd7,c7f64752-3e0b-4b9c-b96a-ead26aa0258e,2025-08-29 20:06:36.884308+00,2025-08-29 20:06:36.884308+00,1.0,
49620618-6e98-41f6-b7d3-ef088ece2960,a39a97be-3b4c-4daa-9602-48dbca57ffbb,29ea2657-3e45-4d28-9abe-6db1d6cdd41b,2025-08-25 14:10:43.153637+00,2025-08-26 18:21:08.910549+00,3.0,
4969050e-92b6-446d-b8ed-b8d9513f1c1b,2a16fdea-5cc3-44d3-a560-faf9777ada54,b00f5b54-aabe-4272-a5a3-9f75bbf698e9,2025-09-05 23:18:08.940967+00,2025-09-05 23:19:11.794091+00,4.0,
4ac782b2-334c-462a-b0c3-c074f17e40b0,d29c63d3-b972-4129-9a98-e568df4c9e13,e2422f0b-540b-4f35-9ddb-8f4610471bf6,2025-09-05 23:19:44.6326+00,2025-09-05 23:19:44.6326+00,1.0,
4ad3ab64-1884-47ef-8a70-dc547be103fa,55b21b35-9ad5-42cd-b767-b4303b18c574,410277eb-539b-460c-aff9-24a4a1521dec,2025-08-25 19:34:04.289879+00,2025-08-26 17:24:12.054234+00,5.0,
4bf0e410-2105-4b5a-a2f1-10579e06ecbf,5fefe6e4-be1a-426f-84f6-de65bea7ae81,bf6f8662-b890-496c-bbd7-6f213b86ca91,2025-09-02 20:14:59.099714+00,2025-09-02 20:14:59.099714+00,5.0,
4d02a807-7b9b-4b48-abfa-1633c8c44803,a39a97be-3b4c-4daa-9602-48dbca57ffbb,0212b5e3-2b19-44a0-a39f-5c0202307872,2025-08-27 19:19:06.612043+00,2025-08-27 19:19:06.612043+00,3.0,
4d97a367-d5d5-46a2-93c6-65db9976c2c4,,bf6f8662-b890-496c-bbd7-6f213b86ca91,2025-09-12 11:19:04.458489+00,2025-09-23 17:42:32.580335+00,5.0,
4db2855f-9edb-4ad9-9843-94e48a507a4f,,0212b5e3-2b19-44a0-a39f-5c0202307872,2025-08-27 19:16:05.789432+00,2025-09-23 21:58:56.100797+00,2.0,e99fa35b-992f-4074-a820-1f67a802afef
4dee2fe0-e378-4cf4-93e5-f8eaf3424b22,,29ea2657-3e45-4d28-9abe-6db1d6cdd41b,2025-09-22 21:42:29.379801+00,2025-09-25 22:02:49.140737+00,5.0,5a75c8c1-f378-4f2b-830c-6474ab7f1fb0
4df2146a-cc7f-4575-90e2-825350343e2a,,410277eb-539b-460c-aff9-24a4a1521dec,2025-09-03 21:37:37.33195+00,2025-09-08 21:30:32.638398+00,5.0,
4e987e32-897b-40fa-a918-166b57ed5503,3fb064b3-c8cb-4102-a751-6e5341f50049,0dd6a46d-90a0-4fca-96bc-5de7241f3c6c,2025-09-11 14:09:34.099443+00,2025-09-11 14:09:34.099443+00,2.0,
4e9938df-71cf-41b4-8682-9046f8d86725,33b2175a-3b74-4c25-958b-97b823fd814e,c7f64752-3e0b-4b9c-b96a-ead26aa0258e,2025-08-25 20:12:16.559601+00,2025-08-29 20:08:27.503845+00,4.0,
4ef85652-ac27-40d9-b64f-4ddb6b7171bd,,4de727b2-3853-4fcc-9ad2-2b80d3f02e1c,2025-09-23 17:33:57.14764+00,2025-09-25 22:02:23.071696+00,2.0,5a75c8c1-f378-4f2b-830c-6474ab7f1fb0
50c83a2b-961f-4111-81c8-44cbfbe20f88,55b21b35-9ad5-42cd-b767-b4303b18c574,0dd6a46d-90a0-4fca-96bc-5de7241f3c6c,2025-08-25 19:32:41.700147+00,2025-08-27 18:05:13.482091+00,3.0,
5147ba19-da73-4052-9c54-495df30527e3,,9c974d76-199c-4c05-bd80-2a0681451fe1,2025-09-06 15:53:28.437859+00,2025-09-06 20:28:02.58778+00,2.0,6914c3bf-993b-4814-ba36-e716e615730d
5163d52d-c35d-4e0d-8459-fa3d300ac6f1,09b826fc-893f-459f-be25-291dafd6a752,29ea2657-3e45-4d28-9abe-6db1d6cdd41b,2025-08-29 23:36:51.832885+00,2025-08-29 23:36:51.832885+00,3.0,
519243fd-b3a0-4f81-9bdd-287949412ce3,aa84b2bc-f7ec-4901-975a-f7d336ad7c0a,0dd6a46d-90a0-4fca-96bc-5de7241f3c6c,2025-08-24 19:40:55.814517+00,2025-08-27 18:05:33.342719+00,5.0,
519ba411-ce68-401a-9034-9c578ac69ca9,,410277eb-539b-460c-aff9-24a4a1521dec,2025-08-25 19:34:01.710533+00,2025-09-23 21:58:56.100797+00,5.0,e99fa35b-992f-4074-a820-1f67a802afef
5305f6ed-1c6a-422b-b02b-7771faf88611,,81e43532-b6dd-438d-bd72-62be3723c0a4,2025-09-06 15:53:29.986187+00,2025-09-06 20:28:02.58778+00,5.0,6914c3bf-993b-4814-ba36-e716e615730d
5494349e-2931-43e2-b266-7568a7fbf514,44f30529-0eb3-4dab-9ca7-db3d7cc945b0,410277eb-539b-460c-aff9-24a4a1521dec,2025-08-25 20:14:37.688304+00,2025-08-26 17:25:14.857535+00,5.0,
54bb214d-78b3-43fe-b597-26906a72392e,121cb431-a455-47c2-9de0-ce3c38f2cdb4,0212b5e3-2b19-44a0-a39f-5c0202307872,2025-08-27 19:20:30.256689+00,2025-08-27 19:20:30.256689+00,5.0,
54bbc769-c917-414d-a654-6d35351aed48,de57bc19-e556-45df-b256-d4c12c6c536a,58fd01fe-b878-41d9-8135-a7f44dbab4d4,2025-08-25 19:30:23.49882+00,2025-08-26 20:12:00.226327+00,3.0,
54c7fb6f-bc57-4ec8-8cd8-5fa246a3ed24,de57bc19-e556-45df-b256-d4c12c6c536a,0dd6a46d-90a0-4fca-96bc-5de7241f3c6c,2025-08-25 19:31:24.123964+00,2025-08-27 18:04:37.317811+00,3.0,
5509abdb-6e65-4ee1-8d5b-108602ca2724,a39a97be-3b4c-4daa-9602-48dbca57ffbb,0dd6a46d-90a0-4fca-96bc-5de7241f3c6c,2025-08-25 19:28:42.236847+00,2025-08-27 18:08:03.201231+00,3.0,
5532cc53-f21b-483b-9026-98d1d70d522c,c29672ee-796b-4ce2-82e1-8dd2ab26b307,b00f5b54-aabe-4272-a5a3-9f75bbf698e9,2025-08-24 19:39:50.561724+00,2025-08-26 17:47:11.617533+00,3.0,
56163e76-8c15-47d5-850d-9f35f3d2584e,5908a514-aaed-42c1-b92c-1c9420edf2e5,0dd6a46d-90a0-4fca-96bc-5de7241f3c6c,2025-09-11 14:09:36.654571+00,2025-09-11 14:09:51.506073+00,4.0,
56462f7f-98ba-4a1f-b178-6c8cbbc5b86f,29d948d7-5f36-45d7-958b-476aff7f0e34,58fd01fe-b878-41d9-8135-a7f44dbab4d4,2025-09-05 23:16:32.645522+00,2025-09-05 23:16:36.644446+00,2.0,
5673d976-fe90-4033-b887-de17a900801a,796b2e6d-b8f5-4a62-9040-2094a5bf720c,29ea2657-3e45-4d28-9abe-6db1d6cdd41b,2025-09-17 11:11:25.536459+00,2025-09-23 18:22:21.102396+00,4.0,
56f89074-39fa-4d3d-83a5-21530a579d5e,b94e7e71-2843-4c04-97b2-6ac00ab3cc3a,4c11d5fc-32e7-4202-8b96-bc911288d4d6,2025-09-22 17:16:27.3989+00,2025-09-22 17:16:27.3989+00,3.0,
57043696-0eaf-4219-9115-fd54942e5391,b94e7e71-2843-4c04-97b2-6ac00ab3cc3a,0dd6a46d-90a0-4fca-96bc-5de7241f3c6c,2025-08-27 18:06:24.765156+00,2025-08-27 18:06:24.765156+00,4.0,
5842b72f-9224-42e6-8f5a-e7f93156ac23,de867c76-28b3-4c69-a653-eee2dc5f8063,410277eb-539b-460c-aff9-24a4a1521dec,2025-09-25 19:37:11.215149+00,2025-09-25 19:37:11.215149+00,5.0,
595ce05e-4af4-4252-b9ed-b24f60da9774,2a16fdea-5cc3-44d3-a560-faf9777ada54,29ea2657-3e45-4d28-9abe-6db1d6cdd41b,2025-09-05 23:18:06.795454+00,2025-09-05 23:18:06.795454+00,5.0,
598070df-2182-481e-81f5-958566290fd9,796b2e6d-b8f5-4a62-9040-2094a5bf720c,a2726890-883c-4164-b951-a0619f43d620,2025-09-23 17:30:21.866116+00,2025-09-23 17:30:21.866116+00,5.0,
5a12a727-f789-413b-a35a-973012b4818f,34f4243d-e7fb-4e34-b5ff-b8853ef209b3,a2726890-883c-4164-b951-a0619f43d620,2025-08-25 20:15:18.042518+00,2025-09-05 23:16:15.457511+00,3.0,
5a52cf81-ff36-4997-a87d-c81b5a020430,446e0d92-5ff7-4069-8527-0c9189df7671,b00f5b54-aabe-4272-a5a3-9f75bbf698e9,2025-09-06 20:40:13.92497+00,2025-09-06 20:40:13.92497+00,1.0,
5ad591b1-c85b-4d5a-8f0e-fae4a5a99b6c,8f91c4af-5a9c-446d-aef9-2ae7e308bd2d,e4f7f8ef-e94c-49ba-b692-99cefc421554,2025-09-07 17:06:06.99376+00,2025-09-07 17:06:06.99376+00,2.0,
5b126538-29fa-4545-bce3-04614f167afe,9d6f9e02-8b51-4739-ac26-473807235e3a,4c4fcd34-a462-4c60-aa86-fa9731ea7212,2025-08-27 19:18:50.527687+00,2025-08-27 19:18:50.527687+00,4.0,
5b46ccc9-8844-4a9d-af3f-e2b2ad1ca070,d29c63d3-b972-4129-9a98-e568df4c9e13,4de727b2-3853-4fcc-9ad2-2b80d3f02e1c,2025-09-05 23:14:37.893457+00,2025-09-05 23:14:37.893457+00,4.0,
5c6b4830-1984-4a97-a9d3-fde6a8dc8270,2328b562-cb4f-4546-b9ca-add1090a5338,3c25a46a-da18-4c10-b754-ebf2a95f3602,2025-08-26 21:08:22.763631+00,2025-08-26 21:08:22.763631+00,2.0,
5cbef902-da22-4e69-ade7-71adb8c6754b,326ff74c-6563-48e9-88a7-ce9b34cf1ed9,e2422f0b-540b-4f35-9ddb-8f4610471bf6,2025-08-24 19:51:56.137532+00,2025-08-28 09:55:12.753478+00,3.0,
5cd2896a-7f72-434f-abd9-4526cfe4f245,8cdceae4-b95f-4bf9-9958-32eef0bc39e1,81e43532-b6dd-438d-bd72-62be3723c0a4,2025-09-07 17:04:02.096357+00,2025-09-07 17:04:02.096357+00,1.0,
5ec06bbe-ce3f-4244-a7ef-b179ee762d8e,357a1aa0-f487-4fa4-94ee-9221d5773907,29ea2657-3e45-4d28-9abe-6db1d6cdd41b,2025-09-22 21:41:55.916382+00,2025-09-22 21:41:55.916382+00,4.0,
5ed892bb-ef9d-43a8-a2df-4154555fd747,a97a3bd4-192e-4a1d-8089-631d1a04ee88,0212b5e3-2b19-44a0-a39f-5c0202307872,2025-08-27 19:16:37.79866+00,2025-08-27 19:16:37.79866+00,4.0,
5fa8d088-83f1-4450-9d6e-4857b27429f8,9d6f9e02-8b51-4739-ac26-473807235e3a,0212b5e3-2b19-44a0-a39f-5c0202307872,2025-08-27 19:18:44.165536+00,2025-08-27 19:18:44.165536+00,3.0,
5fdb7a3c-1f7f-4646-ba3c-275395a84e03,44f30529-0eb3-4dab-9ca7-db3d7cc945b0,c7f64752-3e0b-4b9c-b96a-ead26aa0258e,2025-08-25 20:17:20.368459+00,2025-08-29 20:06:51.505567+00,5.0,
604082f6-f564-4310-98ef-adf576d712b0,,410277eb-539b-460c-aff9-24a4a1521dec,2025-09-03 21:37:18.228654+00,2025-09-14 21:08:22.481968+00,5.0,e13b249c-c02a-4e79-afdc-4b1f6983eb02
60dd8cc6-26a4-449e-a112-263e673ff001,357a1aa0-f487-4fa4-94ee-9221d5773907,410277eb-539b-460c-aff9-24a4a1521dec,2025-09-22 21:39:50.170831+00,2025-09-22 21:39:50.170831+00,5.0,
619bb97c-14df-4902-a1ab-71a683f938f6,ca243944-18cd-4721-bd4b-34a09821925b,4c11d5fc-32e7-4202-8b96-bc911288d4d6,2025-09-22 17:16:38.6653+00,2025-09-22 17:16:38.6653+00,4.0,
620a1e6a-4fbd-4c4e-8b25-199398f6994c,2a16fdea-5cc3-44d3-a560-faf9777ada54,0dd6a46d-90a0-4fca-96bc-5de7241f3c6c,2025-09-23 17:27:33.615098+00,2025-09-23 17:27:33.615098+00,2.0,
6228afc3-a1a0-42d0-8118-7fcb339c5b09,,c7f64752-3e0b-4b9c-b96a-ead26aa0258e,2025-08-29 20:09:39.604533+00,2025-09-22 21:24:45.485416+00,5.0,e0342b90-a3e5-4f6d-8c42-3ccd59778d3a
625d8da1-16c5-4fea-9e81-dbbd94ec58d8,c93ec566-cce8-461e-9ef3-a270f669097a,4a129334-f055-43ce-849d-5edeb7b82b1f,2025-09-07 19:09:55.305406+00,2025-09-07 19:09:55.305406+00,1.0,
63013f7f-5c24-4a80-b19b-d7b3c7fa3a80,ca243944-18cd-4721-bd4b-34a09821925b,4c4fcd34-a462-4c60-aa86-fa9731ea7212,2025-08-27 19:21:27.752595+00,2025-08-27 19:21:27.752595+00,4.0,
63548e9d-b21c-444c-b7e7-f593261372ca,caf97668-a982-4dbd-9c76-7b7675836dd7,4de727b2-3853-4fcc-9ad2-2b80d3f02e1c,2025-09-23 17:33:45.444963+00,2025-09-23 17:33:45.444963+00,3.0,
63a433aa-6f4a-434d-9d96-ceabafb0f48a,09b826fc-893f-459f-be25-291dafd6a752,b00f5b54-aabe-4272-a5a3-9f75bbf698e9,2025-08-30 14:46:40.327647+00,2025-08-30 14:46:40.327647+00,5.0,
63e5630a-c3a2-4e5a-bfd1-fc6ce6ba8123,121cb431-a455-47c2-9de0-ce3c38f2cdb4,29ea2657-3e45-4d28-9abe-6db1d6cdd41b,2025-08-26 22:06:18.208265+00,2025-08-26 22:06:18.208265+00,5.0,
63f096f9-8716-41f7-b15a-0553a49849bc,121cb431-a455-47c2-9de0-ce3c38f2cdb4,b00f5b54-aabe-4272-a5a3-9f75bbf698e9,2025-08-26 22:14:35.284942+00,2025-08-26 22:14:35.284942+00,3.0,
63f67148-2c6e-4f93-9c60-fe06b1ab7dd0,34f4243d-e7fb-4e34-b5ff-b8853ef209b3,410277eb-539b-460c-aff9-24a4a1521dec,2025-08-24 19:49:25.510292+00,2025-08-26 17:24:27.491726+00,5.0,
644184ad-4029-4ce9-94d3-cc3b4034c602,,9c974d76-199c-4c05-bd80-2a0681451fe1,2025-09-07 17:06:41.676796+00,2025-09-07 19:08:58.639568+00,3.0,60cc5e48-94e0-4c70-959c-e300939c334b
65143f02-2aff-43e1-b7ce-c91dff6f9304,5908a514-aaed-42c1-b92c-1c9420edf2e5,bf6f8662-b890-496c-bbd7-6f213b86ca91,2025-09-12 11:16:37.484156+00,2025-09-12 11:16:37.484156+00,5.0,
667393f6-450a-4a92-8b03-39530016abfb,121cb431-a455-47c2-9de0-ce3c38f2cdb4,c7f64752-3e0b-4b9c-b96a-ead26aa0258e,2025-08-29 20:06:43.789446+00,2025-08-29 20:06:43.789446+00,4.0,
683859f6-f67e-4fc4-b181-e2268e11ab84,357a1aa0-f487-4fa4-94ee-9221d5773907,0dd6a46d-90a0-4fca-96bc-5de7241f3c6c,2025-09-22 21:39:58.006275+00,2025-09-22 21:39:58.006275+00,5.0,
6898c3f5-ef80-4fb8-9100-daef143552e7,,e4f7f8ef-e94c-49ba-b692-99cefc421554,2025-09-06 15:53:27.208843+00,2025-09-06 20:28:02.58778+00,2.0,6914c3bf-993b-4814-ba36-e716e615730d
68fc8e5f-f72c-43f2-8125-b25970ef01cd,446e0d92-5ff7-4069-8527-0c9189df7671,5d2a8362-b232-4766-acfa-019ebd70b958,2025-09-11 14:07:56.516412+00,2025-09-11 14:07:56.516412+00,5.0,
694abc50-c531-48cb-a56b-a6762a2136c9,de57bc19-e556-45df-b256-d4c12c6c536a,29ea2657-3e45-4d28-9abe-6db1d6cdd41b,2025-08-25 09:42:49.244306+00,2025-08-26 18:20:08.608378+00,5.0,
69954ad8-7e54-414b-b7c5-3147444d0ef7,34f4243d-e7fb-4e34-b5ff-b8853ef209b3,4c11d5fc-32e7-4202-8b96-bc911288d4d6,2025-09-23 14:08:58.351544+00,2025-09-23 14:08:58.351544+00,3.0,
6a7d06f6-3a81-45e2-885e-559c08ed3a8e,326ff74c-6563-48e9-88a7-ce9b34cf1ed9,410277eb-539b-460c-aff9-24a4a1521dec,2025-08-24 19:54:40.23072+00,2025-08-26 17:24:01.242891+00,5.0,
6def75e9-f097-4299-a31a-ed86f80aae07,add0aa18-d07e-4d70-b067-ef5d22a06add,4c4fcd34-a462-4c60-aa86-fa9731ea7212,2025-08-27 19:19:15.350394+00,2025-08-27 19:19:15.350394+00,1.0,
6e27fccb-bf24-4358-82d3-d43c1ca9bdfd,2a16fdea-5cc3-44d3-a560-faf9777ada54,4de727b2-3853-4fcc-9ad2-2b80d3f02e1c,2025-09-23 17:33:07.267187+00,2025-09-23 17:33:07.267187+00,5.0,
6e9510be-c1ac-418f-8f6c-ac45eaa1f9d4,63d5d20c-7a7c-44a9-b7b6-941da1b5bff9,e4f7f8ef-e94c-49ba-b692-99cefc421554,2025-09-11 14:38:48.636833+00,2025-09-11 14:38:48.636833+00,3.0,
6f8056be-7955-4e51-9097-35a447cbbbef,796b2e6d-b8f5-4a62-9040-2094a5bf720c,b00f5b54-aabe-4272-a5a3-9f75bbf698e9,2025-09-22 10:01:39.492753+00,2025-09-22 10:01:39.492753+00,4.0,
71d5feba-2bac-4c97-b5d0-f988c0cb8b65,,bf6f8662-b890-496c-bbd7-6f213b86ca91,2025-08-26 20:39:44.73142+00,2025-09-23 21:58:56.100797+00,2.0,e99fa35b-992f-4074-a820-1f67a802afef
723b986e-03b9-44c1-9919-d05bbd136c58,b94e7e71-2843-4c04-97b2-6ac00ab3cc3a,b00f5b54-aabe-4272-a5a3-9f75bbf698e9,2025-08-25 20:21:28.073731+00,2025-08-26 17:47:53.521182+00,1.0,
72c20fbd-987d-48ea-8317-72f74f8eeb9c,add0aa18-d07e-4d70-b067-ef5d22a06add,0dd6a46d-90a0-4fca-96bc-5de7241f3c6c,2025-08-25 20:15:11.378758+00,2025-09-11 14:08:31.71605+00,5.0,
72d12e42-36ad-4e95-b5a6-d74e763104a9,,9c974d76-199c-4c05-bd80-2a0681451fe1,2025-09-06 15:43:22.019237+00,2025-09-06 15:43:36.841294+00,3.0,0f92d7f9-708f-4265-b7a0-321dcc57bc4e
736d2413-b54d-49d4-a00e-3bd457061d03,010fe522-7459-45de-8051-58177c410d40,a2726890-883c-4164-b951-a0619f43d620,2025-08-25 20:21:50.913339+00,2025-09-05 23:18:04.566921+00,2.0,
74588786-4ade-49a2-bb14-bb4a7dde1119,,0dd6a46d-90a0-4fca-96bc-5de7241f3c6c,2025-09-22 21:43:32.21693+00,2025-09-23 17:42:32.580335+00,3.0,
756ed859-83ad-4231-aff8-13e945117dda,de57bc19-e556-45df-b256-d4c12c6c536a,4c11d5fc-32e7-4202-8b96-bc911288d4d6,2025-09-23 14:08:44.460072+00,2025-09-23 14:08:45.270694+00,2.0,
758acefa-39af-4823-8c4d-f037dbbc0027,caf97668-a982-4dbd-9c76-7b7675836dd7,0dd6a46d-90a0-4fca-96bc-5de7241f3c6c,2025-08-27 18:08:46.305931+00,2025-09-02 20:11:13.538128+00,5.0,
75f81069-6b6e-4eaf-8aa6-54fe151787d6,,0dd6a46d-90a0-4fca-96bc-5de7241f3c6c,2025-09-22 21:44:44.712577+00,2025-09-25 22:03:12.203404+00,5.0,5a75c8c1-f378-4f2b-830c-6474ab7f1fb0
76265bb2-388c-47db-b39d-7920fa954fa5,446e0d92-5ff7-4069-8527-0c9189df7671,58fd01fe-b878-41d9-8135-a7f44dbab4d4,2025-09-22 10:04:55.004207+00,2025-09-22 10:05:04.241849+00,1.0,
785fae50-ac3b-423a-b7bd-ede7ea7719cf,010fe522-7459-45de-8051-58177c410d40,0dd6a46d-90a0-4fca-96bc-5de7241f3c6c,2025-08-27 18:08:36.830839+00,2025-08-27 18:08:36.830839+00,3.0,
78cb356d-3bad-49f0-a85c-0d78f2e0b03c,09b826fc-893f-459f-be25-291dafd6a752,e2422f0b-540b-4f35-9ddb-8f4610471bf6,2025-09-05 23:23:07.652267+00,2025-09-05 23:23:07.652267+00,1.0,
794d131c-48d4-4609-b875-c9532e10c32c,357a1aa0-f487-4fa4-94ee-9221d5773907,b00f5b54-aabe-4272-a5a3-9f75bbf698e9,2025-09-22 21:40:41.127912+00,2025-09-22 21:40:41.127912+00,4.0,
796ed087-7f26-4340-a4ba-2d1669c8fcbf,add0aa18-d07e-4d70-b067-ef5d22a06add,410277eb-539b-460c-aff9-24a4a1521dec,2025-08-25 19:34:39.490229+00,2025-08-26 17:25:11.32207+00,5.0,
79bf3245-a7a1-418c-bd97-ee1eda3f6607,5fefe6e4-be1a-426f-84f6-de65bea7ae81,58fd01fe-b878-41d9-8135-a7f44dbab4d4,2025-09-05 23:19:17.312535+00,2025-09-05 23:19:17.312535+00,3.0,
7ad3785c-2f85-4a6f-8ecd-2dd5c1e79211,1bfef229-9c70-4168-94d6-880d37e5da96,58fd01fe-b878-41d9-8135-a7f44dbab4d4,2025-09-22 10:04:43.187141+00,2025-09-22 10:04:43.187141+00,3.0,
7b172374-d3e8-442c-8157-8fe2049b25e7,,e2422f0b-540b-4f35-9ddb-8f4610471bf6,2025-09-05 23:22:31.419212+00,2025-09-14 21:08:22.481968+00,1.0,e13b249c-c02a-4e79-afdc-4b1f6983eb02
7b74a6f3-1aed-4b39-8a83-26884a6fcfa0,1bfef229-9c70-4168-94d6-880d37e5da96,4c11d5fc-32e7-4202-8b96-bc911288d4d6,2025-09-22 17:17:20.590973+00,2025-09-22 17:17:20.590973+00,4.0,
7bbbfe4b-3d4f-4108-8ffe-037d64b5dfbd,a39a97be-3b4c-4daa-9602-48dbca57ffbb,bf6f8662-b890-496c-bbd7-6f213b86ca91,2025-08-26 20:41:03.215205+00,2025-08-26 20:41:03.215205+00,5.0,
7bec63fc-ac3e-4576-b13f-5874bafffe4f,9fd581ea-a5b1-4f78-a183-1bf272c7a8b9,a2726890-883c-4164-b951-a0619f43d620,2025-09-23 17:30:50.653473+00,2025-09-23 17:30:50.653473+00,3.0,
7c4f5671-0622-45a7-95ad-51f62a4e27a7,5fefe6e4-be1a-426f-84f6-de65bea7ae81,29ea2657-3e45-4d28-9abe-6db1d6cdd41b,2025-08-30 14:40:34.24828+00,2025-08-30 14:40:34.403351+00,4.0,
7d1f36e4-83bb-4190-97e1-4e923bd7d2c2,5908a514-aaed-42c1-b92c-1c9420edf2e5,e2422f0b-540b-4f35-9ddb-8f4610471bf6,2025-09-05 23:22:19.913585+00,2025-09-05 23:22:19.913585+00,4.0,
7e1cdad9-6bdf-4aac-a722-66947bd4a636,add0aa18-d07e-4d70-b067-ef5d22a06add,58fd01fe-b878-41d9-8135-a7f44dbab4d4,2025-08-25 20:17:10.7254+00,2025-08-26 20:15:04.086436+00,5.0,
7f72423f-17c2-479a-97f4-4c63c914b44f,,b00f5b54-aabe-4272-a5a3-9f75bbf698e9,2025-09-12 12:42:12.06291+00,2025-09-23 17:42:32.580335+00,5.0,
7f731cfe-002d-4839-aeb0-ab4a5c30900b,29d948d7-5f36-45d7-958b-476aff7f0e34,e2422f0b-540b-4f35-9ddb-8f4610471bf6,2025-09-05 23:20:39.079301+00,2025-09-05 23:20:39.079301+00,2.0,
80dd5a07-a557-4a92-b549-736b40e0ce7e,1bfef229-9c70-4168-94d6-880d37e5da96,4de727b2-3853-4fcc-9ad2-2b80d3f02e1c,2025-09-23 17:33:35.754334+00,2025-09-23 17:33:37.188395+00,3.0,
80e05362-f0df-4336-9b58-2dc0fcdf137e,b4c85b07-ce16-4748-8d26-50c3511e0a11,4c11d5fc-32e7-4202-8b96-bc911288d4d6,2025-09-23 14:07:41.268756+00,2025-09-23 14:07:41.268756+00,5.0,
8267192e-f88d-4954-890a-b271dfb5702b,34f4243d-e7fb-4e34-b5ff-b8853ef209b3,c7f64752-3e0b-4b9c-b96a-ead26aa0258e,2025-08-25 20:16:33.753914+00,2025-08-29 20:07:50.519348+00,2.0,
831ea10e-77d0-487a-b0f8-8ece5f717a2c,33b2175a-3b74-4c25-958b-97b823fd814e,b00f5b54-aabe-4272-a5a3-9f75bbf698e9,2025-09-09 08:48:26.397951+00,2025-09-09 08:48:26.397951+00,5.0,
841f3e0a-615e-4024-aa8c-1b2f713350ed,121cb431-a455-47c2-9de0-ce3c38f2cdb4,4de727b2-3853-4fcc-9ad2-2b80d3f02e1c,2025-09-09 05:45:03.01303+00,2025-09-09 05:45:03.01303+00,4.0,
8517ab2f-3e36-4aff-a847-5ca6493e0a94,a97a3bd4-192e-4a1d-8089-631d1a04ee88,a2726890-883c-4164-b951-a0619f43d620,2025-08-25 19:09:54.730285+00,2025-09-05 23:16:04.535442+00,5.0,
851b34af-7365-4831-aa12-b0b2dd5a4409,d29c63d3-b972-4129-9a98-e568df4c9e13,29ea2657-3e45-4d28-9abe-6db1d6cdd41b,2025-09-05 23:04:33.027035+00,2025-09-05 23:04:33.027035+00,1.0,
85385328-405d-4145-8316-3ea8163e71e6,,f47f4579-1502-4ca3-8997-2b8826c49806,2025-09-07 17:06:40.815593+00,2025-09-07 19:08:58.639568+00,3.0,60cc5e48-94e0-4c70-959c-e300939c334b
858fc9f0-76cf-46c7-afd7-acda06fffe10,a97a3bd4-192e-4a1d-8089-631d1a04ee88,4c4fcd34-a462-4c60-aa86-fa9731ea7212,2025-08-27 19:16:39.9511+00,2025-08-27 19:16:39.9511+00,4.0,
85eb47b1-a170-4071-8e08-181477937a07,,0dd6a46d-90a0-4fca-96bc-5de7241f3c6c,2025-09-03 21:37:50.623824+00,2025-09-14 21:08:22.481968+00,5.0,e13b249c-c02a-4e79-afdc-4b1f6983eb02
8651134f-be8b-4002-9343-ea9a4b68ee6e,add0aa18-d07e-4d70-b067-ef5d22a06add,c7f64752-3e0b-4b9c-b96a-ead26aa0258e,2025-08-25 20:17:17.168817+00,2025-08-29 20:06:56.016337+00,1.0,
874a5df9-8e00-45a1-8bc5-f6719240d981,446e0d92-5ff7-4069-8527-0c9189df7671,0dd6a46d-90a0-4fca-96bc-5de7241f3c6c,2025-09-11 14:07:38.390929+00,2025-09-11 14:07:38.390929+00,1.0,
87beaaa7-d7da-47a7-85e9-2a83302e09ce,c29672ee-796b-4ce2-82e1-8dd2ab26b307,410277eb-539b-460c-aff9-24a4a1521dec,2025-08-24 19:40:09.832358+00,2025-08-26 17:24:04.119795+00,5.0,
882f48c3-8b54-4aa5-952e-080c8bfe2e91,09b826fc-893f-459f-be25-291dafd6a752,bf6f8662-b890-496c-bbd7-6f213b86ca91,2025-09-02 20:14:57.039649+00,2025-09-02 20:14:57.039649+00,3.0,
885dd30e-1f67-4b22-8420-cf82a29676a1,34f4243d-e7fb-4e34-b5ff-b8853ef209b3,0212b5e3-2b19-44a0-a39f-5c0202307872,2025-08-27 19:17:08.777571+00,2025-08-27 19:17:16.610241+00,5.0,
886e3240-0329-4320-b0b2-5962bc40810d,44f30529-0eb3-4dab-9ca7-db3d7cc945b0,b00f5b54-aabe-4272-a5a3-9f75bbf698e9,2025-08-25 20:15:25.456479+00,2025-08-26 17:48:08.504019+00,3.0,
88dc7cf7-f71b-4efc-9d9a-9f6e54448224,5908a514-aaed-42c1-b92c-1c9420edf2e5,29ea2657-3e45-4d28-9abe-6db1d6cdd41b,2025-09-05 23:32:21.848149+00,2025-09-05 23:32:21.848149+00,3.0,
894eb907-a88f-45bd-a384-1a3b9a391639,121cb431-a455-47c2-9de0-ce3c38f2cdb4,58fd01fe-b878-41d9-8135-a7f44dbab4d4,2025-08-27 18:34:04.065343+00,2025-08-27 18:34:04.065343+00,4.0,
899bb78c-61fc-4566-8b8d-1d795eb20a0c,9d6f9e02-8b51-4739-ac26-473807235e3a,bf6f8662-b890-496c-bbd7-6f213b86ca91,2025-08-26 20:40:50.153594+00,2025-08-26 20:40:50.153594+00,5.0,
89d07aa0-ab02-421b-9cbc-ba3ec37e5ac3,3fb064b3-c8cb-4102-a751-6e5341f50049,4c11d5fc-32e7-4202-8b96-bc911288d4d6,2025-09-22 17:17:09.121261+00,2025-09-22 17:17:09.121261+00,1.0,
8a256208-4c6c-4187-9d2e-860d3c3d9a59,,b00f5b54-aabe-4272-a5a3-9f75bbf698e9,2025-08-25 11:32:50.91001+00,2025-09-23 21:58:56.100797+00,4.0,e99fa35b-992f-4074-a820-1f67a802afef
8a598ca9-94e4-4ac4-9011-332422ebba64,a97a3bd4-192e-4a1d-8089-631d1a04ee88,410277eb-539b-460c-aff9-24a4a1521dec,2025-08-24 19:46:39.721822+00,2025-08-26 17:24:23.026401+00,5.0,
8a75703d-5e0b-4174-b309-726d1957edae,121cb431-a455-47c2-9de0-ce3c38f2cdb4,e2422f0b-540b-4f35-9ddb-8f4610471bf6,2025-08-28 11:22:33.917931+00,2025-08-28 11:22:45.125771+00,3.0,
8b495ee0-bca9-4591-83b4-16585bdbceda,,a2726890-883c-4164-b951-a0619f43d620,2025-08-25 20:13:40.51597+00,2025-09-23 21:58:56.100797+00,3.0,e99fa35b-992f-4074-a820-1f67a802afef
8c07cce6-c10d-4750-842c-a5067435d8b6,,29ea2657-3e45-4d28-9abe-6db1d6cdd41b,2025-09-12 12:42:51.932035+00,2025-09-23 17:42:32.580335+00,2.0,
8cdf1817-95fe-441e-91bc-7c9c5e1f17f4,121cb431-a455-47c2-9de0-ce3c38f2cdb4,bf6f8662-b890-496c-bbd7-6f213b86ca91,2025-08-26 20:41:24.804355+00,2025-08-26 20:41:24.804355+00,5.0,
8d198966-bd82-40ad-af57-ed6e3f3868c5,,81e43532-b6dd-438d-bd72-62be3723c0a4,2025-09-06 15:53:38.717381+00,2025-09-06 15:53:46.499495+00,3.0,3baacdc6-7365-4424-b88d-b21b34a5e85d
8d6603c8-37e6-43d2-9c7a-836096fc0438,3fb064b3-c8cb-4102-a751-6e5341f50049,bf6f8662-b890-496c-bbd7-6f213b86ca91,2025-09-12 11:17:10.032863+00,2025-09-12 11:17:10.032863+00,1.0,
8ec48482-8a55-41d5-bdf8-3027392c1c1b,5b78b2bf-602e-4add-b8eb-78f0cb108df0,0212b5e3-2b19-44a0-a39f-5c0202307872,2025-08-27 19:17:27.964493+00,2025-08-27 19:17:30.297868+00,4.0,
90dde0a1-b1bf-4a9d-a473-7e6f3ca728cb,446e0d92-5ff7-4069-8527-0c9189df7671,a2726890-883c-4164-b951-a0619f43d620,2025-09-23 17:35:31.92235+00,2025-09-23 17:35:31.92235+00,5.0,
9155c8ee-ffc6-4509-a355-3afe5191ca43,,9c974d76-199c-4c05-bd80-2a0681451fe1,2025-09-06 14:45:59.217613+00,2025-09-06 15:53:46.499495+00,2.0,3baacdc6-7365-4424-b88d-b21b34a5e85d
91693e91-8df0-453e-9d82-33c976dc826f,09b826fc-893f-459f-be25-291dafd6a752,4de727b2-3853-4fcc-9ad2-2b80d3f02e1c,2025-09-23 17:33:51.414735+00,2025-09-23 17:33:51.414735+00,3.0,
91940aa7-1fde-4f06-9a9f-6f31826c25ed,010fe522-7459-45de-8051-58177c410d40,4de727b2-3853-4fcc-9ad2-2b80d3f02e1c,2025-09-23 17:32:59.943387+00,2025-09-23 17:32:59.943387+00,2.0,
919ae26b-fcb0-4ed1-8fb2-0826078ce4ac,,29ea2657-3e45-4d28-9abe-6db1d6cdd41b,2025-08-25 09:42:47.452436+00,2025-09-23 21:58:56.100797+00,5.0,e99fa35b-992f-4074-a820-1f67a802afef
91ba4162-0088-4c13-b731-fa57d286265a,446e0d92-5ff7-4069-8527-0c9189df7671,29ea2657-3e45-4d28-9abe-6db1d6cdd41b,2025-09-06 20:45:52.749613+00,2025-09-06 20:45:52.749613+00,4.0,
9262e848-11da-4038-bbed-e70937ded5d6,c29672ee-796b-4ce2-82e1-8dd2ab26b307,4c4fcd34-a462-4c60-aa86-fa9731ea7212,2025-08-27 19:14:54.944706+00,2025-08-27 19:14:54.944706+00,2.0,
92b1a1fc-0c80-4037-a226-1b04b94b1df5,c29672ee-796b-4ce2-82e1-8dd2ab26b307,0212b5e3-2b19-44a0-a39f-5c0202307872,2025-08-27 19:14:52.941423+00,2025-08-27 19:14:52.941423+00,2.0,
935de73f-b00b-4e21-84c5-96a4712c5611,55b21b35-9ad5-42cd-b767-b4303b18c574,a2726890-883c-4164-b951-a0619f43d620,2025-08-25 19:09:37.084006+00,2025-09-05 23:15:44.137879+00,5.0,
940cb572-62cb-4b38-853f-77e3fda2cd94,326ff74c-6563-48e9-88a7-ce9b34cf1ed9,a2726890-883c-4164-b951-a0619f43d620,2025-08-25 19:09:08.206573+00,2025-09-05 23:14:29.650827+00,4.0,
942869cb-4ae4-4a79-9faf-dbf25b7a00a7,34f4243d-e7fb-4e34-b5ff-b8853ef209b3,bf6f8662-b890-496c-bbd7-6f213b86ca91,2025-08-26 20:40:15.265222+00,2025-08-26 20:40:15.265222+00,2.0,
94648c47-3df7-43bc-b4b6-6417334b8138,c29672ee-796b-4ce2-82e1-8dd2ab26b307,bf6f8662-b890-496c-bbd7-6f213b86ca91,2025-08-26 20:39:34.33295+00,2025-08-26 20:39:34.33295+00,1.0,
95581875-55e8-4137-86bf-2cc7a2fb6eb1,33b2175a-3b74-4c25-958b-97b823fd814e,4c4fcd34-a462-4c60-aa86-fa9731ea7212,2025-08-27 19:14:42.66244+00,2025-08-27 19:14:42.66244+00,1.0,
956ae800-7feb-4a5c-9977-7ac288fcf1e0,5b78b2bf-602e-4add-b8eb-78f0cb108df0,4c11d5fc-32e7-4202-8b96-bc911288d4d6,2025-09-22 17:17:54.868524+00,2025-09-22 17:17:54.868524+00,3.0,
96343525-18c3-4df2-841f-cca5d27a95d7,2a16fdea-5cc3-44d3-a560-faf9777ada54,a2726890-883c-4164-b951-a0619f43d620,2025-09-05 23:29:41.014189+00,2025-09-05 23:29:41.014189+00,5.0,
963de3c8-b3e4-4b74-9a48-23dfef3a7015,1bfef229-9c70-4168-94d6-880d37e5da96,29ea2657-3e45-4d28-9abe-6db1d6cdd41b,2025-09-08 08:58:46.53478+00,2025-09-08 17:09:34.555072+00,3.0,
96441d36-1840-4d11-9f85-16ef4a7c8680,33b2175a-3b74-4c25-958b-97b823fd814e,0dd6a46d-90a0-4fca-96bc-5de7241f3c6c,2025-08-24 19:41:52.508564+00,2025-08-27 18:04:17.953016+00,4.0,
96d5c3d5-90e2-4a44-8a5a-5249c649524c,ca243944-18cd-4721-bd4b-34a09821925b,0dd6a46d-90a0-4fca-96bc-5de7241f3c6c,2025-08-27 18:08:51.738139+00,2025-08-27 18:08:51.738139+00,5.0,
97cbb01c-de5c-43f3-a575-f46ba9d94f81,,e2422f0b-540b-4f35-9ddb-8f4610471bf6,2025-08-25 10:33:25.377648+00,2025-09-23 21:58:56.100797+00,4.0,e99fa35b-992f-4074-a820-1f67a802afef
98334ac4-6860-45ec-9309-b3954672857f,2a16fdea-5cc3-44d3-a560-faf9777ada54,e2422f0b-540b-4f35-9ddb-8f4610471bf6,2025-09-05 23:21:59.182073+00,2025-09-05 23:21:59.182073+00,4.0,
987d3697-e5db-40b9-b5b8-b2423ab649f3,aa84b2bc-f7ec-4901-975a-f7d336ad7c0a,0212b5e3-2b19-44a0-a39f-5c0202307872,2025-08-27 19:16:31.117897+00,2025-08-27 19:16:31.117897+00,3.0,
989fe8b6-141c-499b-ab84-5e19a8e5d38d,caf97668-a982-4dbd-9c76-7b7675836dd7,4c11d5fc-32e7-4202-8b96-bc911288d4d6,2025-09-22 17:17:28.662226+00,2025-09-22 17:17:28.662226+00,3.0,
99d7972b-ff21-44f3-b4d7-b83b4ec6a440,2a16fdea-5cc3-44d3-a560-faf9777ada54,bf6f8662-b890-496c-bbd7-6f213b86ca91,2025-09-12 11:17:03.218804+00,2025-09-12 11:17:03.218804+00,5.0,
99dd4705-b3fb-4d2e-9fb7-f84ae44a1355,326ff74c-6563-48e9-88a7-ce9b34cf1ed9,0dd6a46d-90a0-4fca-96bc-5de7241f3c6c,2025-08-24 19:51:02.49653+00,2025-08-27 18:02:57.884914+00,3.0,
9b5ad14c-3b2a-4a32-94bd-680fc5396fde,3fb064b3-c8cb-4102-a751-6e5341f50049,b00f5b54-aabe-4272-a5a3-9f75bbf698e9,2025-09-08 20:19:46.519685+00,2025-09-08 20:19:46.519685+00,2.0,
9b8aff65-10c3-4b01-bbca-2484a9b48c53,5908a514-aaed-42c1-b92c-1c9420edf2e5,b00f5b54-aabe-4272-a5a3-9f75bbf698e9,2025-09-06 20:38:45.819488+00,2025-09-06 20:38:45.819488+00,5.0,
9bf2e7da-3a41-4e19-a437-5e0fcfdf0477,76ca1e54-176d-49d5-a63f-a59080b7cd98,e4f7f8ef-e94c-49ba-b692-99cefc421554,2025-09-06 14:19:01.594285+00,2025-09-06 14:19:01.594285+00,3.0,
9c8fdd89-f71c-449f-9c16-d1a880ba1fa8,9d6f9e02-8b51-4739-ac26-473807235e3a,b00f5b54-aabe-4272-a5a3-9f75bbf698e9,2025-08-25 22:45:13.886276+00,2025-08-26 17:47:57.257304+00,5.0,
9cce2867-8727-49a8-b7ed-604c21fe2459,de57bc19-e556-45df-b256-d4c12c6c536a,e2422f0b-540b-4f35-9ddb-8f4610471bf6,2025-08-25 10:34:21.342207+00,2025-08-28 09:55:28.866741+00,4.0,
9d8c1b8d-d384-4751-8e43-8a2913f37bc7,9fd581ea-a5b1-4f78-a183-1bf272c7a8b9,29ea2657-3e45-4d28-9abe-6db1d6cdd41b,2025-09-23 15:06:32.401767+00,2025-09-23 15:06:32.401767+00,3.0,
9dd87ea1-f5a9-4e0c-baa7-c651aac31365,,4c11d5fc-32e7-4202-8b96-bc911288d4d6,2025-09-23 17:23:25.090205+00,2025-09-25 22:01:55.549591+00,2.0,5a75c8c1-f378-4f2b-830c-6474ab7f1fb0
9e177c07-a80c-463a-ba08-4bb50eea23c6,357a1aa0-f487-4fa4-94ee-9221d5773907,a2726890-883c-4164-b951-a0619f43d620,2025-09-23 17:32:47.898415+00,2025-09-23 17:32:47.898415+00,1.0,
9e2ac9cd-74c3-41ac-b0cc-76b10fb8cb9d,a39a97be-3b4c-4daa-9602-48dbca57ffbb,4c4fcd34-a462-4c60-aa86-fa9731ea7212,2025-08-27 19:19:00.505447+00,2025-08-27 19:19:00.505447+00,1.0,
9ebad0d7-0b01-47f1-8e96-4519db93485c,,a2726890-883c-4164-b951-a0619f43d620,2025-09-23 17:35:05.090851+00,2025-09-25 22:02:32.278948+00,1.0,5a75c8c1-f378-4f2b-830c-6474ab7f1fb0
9f1eade9-b773-4a5c-8847-5138b1e7cfeb,34f4243d-e7fb-4e34-b5ff-b8853ef209b3,58fd01fe-b878-41d9-8135-a7f44dbab4d4,2025-08-24 19:52:54.860992+00,2025-08-26 20:13:59.452787+00,3.0,
a20537dc-5599-45be-ae18-d37eba47c5ed,de57bc19-e556-45df-b256-d4c12c6c536a,0212b5e3-2b19-44a0-a39f-5c0202307872,2025-08-27 17:55:17.783771+00,2025-08-27 19:15:02.469482+00,3.0,
a2ab6851-9ec0-4260-9933-74bd302f91a2,,4c11d5fc-32e7-4202-8b96-bc911288d4d6,2025-09-22 17:16:57.645871+00,2025-09-23 17:42:32.580335+00,3.0,
a3319957-ca18-4a6e-81f9-f0abb547cde6,326ff74c-6563-48e9-88a7-ce9b34cf1ed9,0212b5e3-2b19-44a0-a39f-5c0202307872,2025-08-27 19:14:46.962505+00,2025-08-27 19:14:46.962505+00,4.0,
a361d460-b45f-47ea-9d78-daa5d281ff69,,58fd01fe-b878-41d9-8135-a7f44dbab4d4,2025-08-25 19:30:34.459145+00,2025-09-23 21:58:56.100797+00,3.0,e99fa35b-992f-4074-a820-1f67a802afef
a4673f7e-8c27-42a8-85c9-f5a03195598c,3fb064b3-c8cb-4102-a751-6e5341f50049,410277eb-539b-460c-aff9-24a4a1521dec,2025-09-22 19:32:42.9427+00,2025-09-22 19:32:42.9427+00,5.0,
a5a3717c-d158-4dcf-bfa5-4c53e4cd0f68,ca243944-18cd-4721-bd4b-34a09821925b,e2422f0b-540b-4f35-9ddb-8f4610471bf6,2025-08-28 09:58:56.135679+00,2025-08-28 09:58:56.135679+00,3.0,
a5aa61b3-6703-4d07-8d17-76d0eafa758f,55b21b35-9ad5-42cd-b767-b4303b18c574,4de727b2-3853-4fcc-9ad2-2b80d3f02e1c,2025-09-05 23:15:07.567081+00,2025-09-05 23:15:07.567081+00,5.0,
a65ba0d7-2010-42d4-ae4f-ed641df76389,ca243944-18cd-4721-bd4b-34a09821925b,a2726890-883c-4164-b951-a0619f43d620,2025-09-05 23:18:31.430378+00,2025-09-05 23:18:31.430378+00,5.0,
a664029e-a594-41f8-87ce-412a5511419c,b94e7e71-2843-4c04-97b2-6ac00ab3cc3a,4c4fcd34-a462-4c60-aa86-fa9731ea7212,2025-08-27 19:18:26.268793+00,2025-08-27 19:18:26.268793+00,3.0,
a6a26318-abd8-4f42-b89f-f8de02b5a3f9,09b826fc-893f-459f-be25-291dafd6a752,a2726890-883c-4164-b951-a0619f43d620,2025-09-05 23:18:55.158474+00,2025-09-05 23:18:55.158474+00,4.0,
a7f965de-1677-4680-a7f2-8393c8aa4a18,,29ea2657-3e45-4d28-9abe-6db1d6cdd41b,2025-09-04 12:40:35.466311+00,2025-09-08 21:30:32.638398+00,3.0,
a9c6fffd-27cf-4938-afe6-bb1b892fe857,357a1aa0-f487-4fa4-94ee-9221d5773907,4c11d5fc-32e7-4202-8b96-bc911288d4d6,2025-09-23 14:08:29.697281+00,2025-09-23 14:08:29.697281+00,1.0,
aa3c5a0c-d43b-4ced-a96c-e9778962a7f7,a97a3bd4-192e-4a1d-8089-631d1a04ee88,29ea2657-3e45-4d28-9abe-6db1d6cdd41b,2025-08-25 09:44:02.488624+00,2025-08-26 18:20:24.461505+00,3.0,
accd446d-ea52-47ea-9a41-17dcc93f86a4,3fb064b3-c8cb-4102-a751-6e5341f50049,4de727b2-3853-4fcc-9ad2-2b80d3f02e1c,2025-09-08 21:18:00.434484+00,2025-09-08 21:18:00.434484+00,5.0,
ae22fb64-558e-47cc-8b4e-0ec8327aed79,44f30529-0eb3-4dab-9ca7-db3d7cc945b0,0212b5e3-2b19-44a0-a39f-5c0202307872,2025-08-27 19:20:04.446648+00,2025-08-27 19:20:04.446648+00,2.0,
af09ae96-a738-41fa-9182-b75bb23a3ae7,a97a3bd4-192e-4a1d-8089-631d1a04ee88,c7f64752-3e0b-4b9c-b96a-ead26aa0258e,2025-08-25 20:16:17.445268+00,2025-08-29 20:07:53.947813+00,5.0,
af0f57a3-a3a9-42b3-86a5-8b4e4a3541ac,44f30529-0eb3-4dab-9ca7-db3d7cc945b0,58fd01fe-b878-41d9-8135-a7f44dbab4d4,2025-08-25 20:17:28.174647+00,2025-08-26 20:15:10.683179+00,3.0,
af8dae44-1973-481a-8230-a68f398d4728,d29c63d3-b972-4129-9a98-e568df4c9e13,0dd6a46d-90a0-4fca-96bc-5de7241f3c6c,2025-09-05 23:16:55.146698+00,2025-09-05 23:16:55.146698+00,2.0,
afef4c9d-adb2-4e9c-a187-bf9f590b6024,02e616a5-a398-4dcf-9972-0526e0bb5452,29ea2657-3e45-4d28-9abe-6db1d6cdd41b,2025-09-23 18:10:02.487891+00,2025-09-23 18:10:02.487891+00,2.0,
b16f0943-cdbd-4299-a19c-6749ae6a4eb7,34f4243d-e7fb-4e34-b5ff-b8853ef209b3,b00f5b54-aabe-4272-a5a3-9f75bbf698e9,2025-08-24 19:40:32.084436+00,2025-08-26 17:47:43.053902+00,3.0,
b1db8fff-e82a-40a1-ad36-42dd883531cd,c29672ee-796b-4ce2-82e1-8dd2ab26b307,c7f64752-3e0b-4b9c-b96a-ead26aa0258e,2025-08-25 20:15:25.290848+00,2025-08-29 20:08:20.448786+00,5.0,
b201b999-8fdc-4635-8fd6-0eb7e115b86b,de57bc19-e556-45df-b256-d4c12c6c536a,b00f5b54-aabe-4272-a5a3-9f75bbf698e9,2025-08-25 11:32:45.782179+00,2025-08-26 17:47:18.950605+00,3.0,
b206f7a5-ea10-411a-8764-e6c6c548ab96,b4c85b07-ce16-4748-8d26-50c3511e0a11,29ea2657-3e45-4d28-9abe-6db1d6cdd41b,2025-09-23 15:06:29.765763+00,2025-09-23 18:19:33.341379+00,2.0,
b28d5a20-6e7a-4d8f-918d-117d67722940,,4de727b2-3853-4fcc-9ad2-2b80d3f02e1c,2025-09-09 05:45:56.928503+00,2025-09-14 21:08:22.481968+00,3.0,e13b249c-c02a-4e79-afdc-4b1f6983eb02
b2941992-bd6b-476f-8618-6f3f85e7b43c,76ca1e54-176d-49d5-a63f-a59080b7cd98,4a129334-f055-43ce-849d-5edeb7b82b1f,2025-09-06 14:27:07.043989+00,2025-09-06 14:27:07.043989+00,2.0,
b29e8d65-8d89-4f17-b88e-14c5735dc786,b4c85b07-ce16-4748-8d26-50c3511e0a11,bf6f8662-b890-496c-bbd7-6f213b86ca91,2025-09-23 17:44:04.691188+00,2025-09-23 17:44:04.691188+00,4.0,
b2a623dd-cedd-4a99-8c0b-37438c8b190d,b94e7e71-2843-4c04-97b2-6ac00ab3cc3a,e2422f0b-540b-4f35-9ddb-8f4610471bf6,2025-08-25 20:23:06.22733+00,2025-08-28 09:56:19.034038+00,4.0,
b2c7c4bc-ad9c-4460-8716-af40c7e01728,78624a7f-5015-4907-9d5d-cfc740750271,e4f7f8ef-e94c-49ba-b692-99cefc421554,2025-09-06 15:53:17.970965+00,2025-09-06 15:53:17.970965+00,2.0,
b36e36e8-8eee-47b5-8f11-ab9944b5ce7b,33b2175a-3b74-4c25-958b-97b823fd814e,a2726890-883c-4164-b951-a0619f43d620,2025-08-25 20:12:24.239572+00,2025-09-05 23:14:23.925659+00,3.0,
b3cb9ec8-a8a4-4d3c-b877-f0754be57c8a,c93ec566-cce8-461e-9ef3-a270f669097a,81e43532-b6dd-438d-bd72-62be3723c0a4,2025-09-07 19:10:15.016962+00,2025-09-07 19:10:15.016962+00,1.0,
b42888fd-b7d0-4631-a950-cd8652cef157,34f4243d-e7fb-4e34-b5ff-b8853ef209b3,0dd6a46d-90a0-4fca-96bc-5de7241f3c6c,2025-08-24 19:41:20.517768+00,2025-08-27 18:05:51.946289+00,4.0,
b43d5615-2288-4a72-ac23-33f8a952723a,caf97668-a982-4dbd-9c76-7b7675836dd7,a2726890-883c-4164-b951-a0619f43d620,2025-09-05 23:18:23.677012+00,2025-09-05 23:18:23.677012+00,3.0,
b5364a34-435f-45e3-9cc2-683511428319,8cdceae4-b95f-4bf9-9958-32eef0bc39e1,4a129334-f055-43ce-849d-5edeb7b82b1f,2025-09-07 17:04:51.229895+00,2025-09-07 17:18:22.856301+00,3.0,
b5d639b9-536a-4ac4-9a5a-731771b3ee27,c93ec566-cce8-461e-9ef3-a270f669097a,f47f4579-1502-4ca3-8997-2b8826c49806,2025-09-11 14:56:27.356081+00,2025-09-11 14:56:27.356081+00,2.0,
b667503b-722b-4597-b927-8059919de6e6,,58fd01fe-b878-41d9-8135-a7f44dbab4d4,2025-09-05 23:19:38.974826+00,2025-09-08 21:30:32.638398+00,3.0,
b6d32be9-ba9a-4de3-9b8f-42a1c20ac08b,326ff74c-6563-48e9-88a7-ce9b34cf1ed9,b00f5b54-aabe-4272-a5a3-9f75bbf698e9,2025-08-24 19:51:55.666546+00,2025-08-31 13:46:31.040642+00,3.0,
b7fbc787-1900-4b67-b865-3d6f5169e1a5,aa84b2bc-f7ec-4901-975a-f7d336ad7c0a,b00f5b54-aabe-4272-a5a3-9f75bbf698e9,2025-08-24 19:40:07.571301+00,2025-08-26 17:47:38.553174+00,5.0,
b953fe94-c66f-4ea6-a370-d6156fc68a69,add0aa18-d07e-4d70-b067-ef5d22a06add,29ea2657-3e45-4d28-9abe-6db1d6cdd41b,2025-08-25 19:43:34.896087+00,2025-08-26 18:21:12.251913+00,1.0,
b9c81d43-72b9-4065-9c54-94f62dfd6e91,9fd581ea-a5b1-4f78-a183-1bf272c7a8b9,58fd01fe-b878-41d9-8135-a7f44dbab4d4,2025-09-25 19:37:32.092856+00,2025-09-25 19:37:32.092856+00,3.0,
ba1afa70-c56a-4e6a-9261-858062c81ffa,a39a97be-3b4c-4daa-9602-48dbca57ffbb,58fd01fe-b878-41d9-8135-a7f44dbab4d4,2025-08-25 20:16:59.990825+00,2025-08-26 20:14:58.915824+00,3.0,
baa2752b-3cef-4bcd-96b3-9d3dbe6527b4,02e616a5-a398-4dcf-9972-0526e0bb5452,bf6f8662-b890-496c-bbd7-6f213b86ca91,2025-09-23 17:45:06.169336+00,2025-09-23 17:45:06.169336+00,5.0,
bc0394b1-2c45-43f9-b2b7-b45f61a37d52,de57bc19-e556-45df-b256-d4c12c6c536a,410277eb-539b-460c-aff9-24a4a1521dec,2025-08-25 19:33:44.670661+00,2025-08-26 17:24:06.637762+00,5.0,
bc3c8822-4b69-440f-bc55-fd17ab83b1c4,caf97668-a982-4dbd-9c76-7b7675836dd7,b00f5b54-aabe-4272-a5a3-9f75bbf698e9,2025-08-26 22:14:58.081221+00,2025-08-26 22:15:01.081453+00,3.0,
bd6f7e23-20fd-427a-b88b-5f52562f31c0,010fe522-7459-45de-8051-58177c410d40,410277eb-539b-460c-aff9-24a4a1521dec,2025-08-25 20:14:45.019969+00,2025-08-26 17:25:16.91678+00,5.0,
c02ffd64-ae93-4885-b09a-801fe5642456,5b78b2bf-602e-4add-b8eb-78f0cb108df0,4de727b2-3853-4fcc-9ad2-2b80d3f02e1c,2025-09-23 17:34:05.743132+00,2025-09-23 17:34:05.743132+00,4.0,
c0a52be7-31c2-422d-bf62-19d6513469d6,add0aa18-d07e-4d70-b067-ef5d22a06add,4c11d5fc-32e7-4202-8b96-bc911288d4d6,2025-09-22 17:17:17.911395+00,2025-09-22 17:17:17.911395+00,2.0,
c0c625a3-0fff-4938-b6e4-d8263a581413,34f4243d-e7fb-4e34-b5ff-b8853ef209b3,4c4fcd34-a462-4c60-aa86-fa9731ea7212,2025-08-27 19:17:09.612891+00,2025-08-27 19:17:09.612891+00,3.0,
c0d36f07-22a9-496b-816b-988f51303456,55b21b35-9ad5-42cd-b767-b4303b18c574,58fd01fe-b878-41d9-8135-a7f44dbab4d4,2025-08-25 19:30:47.817058+00,2025-08-26 20:13:05.165804+00,4.0,
c0e47106-4d93-494f-8e7b-4a2140686399,121cb431-a455-47c2-9de0-ce3c38f2cdb4,4c11d5fc-32e7-4202-8b96-bc911288d4d6,2025-09-23 14:08:37.012155+00,2025-09-23 14:08:37.012155+00,3.0,
c119a655-2171-4439-a296-dd2329b48238,caf97668-a982-4dbd-9c76-7b7675836dd7,410277eb-539b-460c-aff9-24a4a1521dec,2025-08-27 22:33:23.505259+00,2025-08-27 22:33:23.505259+00,5.0,
c437cbd7-4ed7-4081-b6ad-f5d49ad965d0,010fe522-7459-45de-8051-58177c410d40,b00f5b54-aabe-4272-a5a3-9f75bbf698e9,2025-08-25 20:15:32.217194+00,2025-08-26 17:48:10.440054+00,3.0,
c4ab0922-0a62-4df8-a9cb-34e6dc4b6bed,a39a97be-3b4c-4daa-9602-48dbca57ffbb,e2422f0b-540b-4f35-9ddb-8f4610471bf6,2025-08-25 16:51:28.529707+00,2025-08-28 09:56:54.971289+00,2.0,
c4ae9ec2-5650-4c1f-8f1f-53030da820d9,09b826fc-893f-459f-be25-291dafd6a752,410277eb-539b-460c-aff9-24a4a1521dec,2025-09-01 18:41:26.611377+00,2025-09-01 18:41:26.611377+00,5.0,
c5ff214f-1141-47fa-a512-bc67ea1fe21a,33b2175a-3b74-4c25-958b-97b823fd814e,58fd01fe-b878-41d9-8135-a7f44dbab4d4,2025-08-24 19:53:08.457399+00,2025-08-26 20:11:15.945716+00,2.0,
c60eb9e7-05f5-499c-afa0-22c55b341cc8,76ca1e54-176d-49d5-a63f-a59080b7cd98,81e43532-b6dd-438d-bd72-62be3723c0a4,2025-09-06 15:53:41.241956+00,2025-09-06 15:53:41.241956+00,3.0,
c65ff9a6-bbe4-49a7-9f01-84176e8480b0,55b21b35-9ad5-42cd-b767-b4303b18c574,e2422f0b-540b-4f35-9ddb-8f4610471bf6,2025-08-25 10:34:24.066532+00,2025-08-28 09:55:41.134994+00,4.0,
c703616f-9882-4256-8222-d63180beb278,9fd581ea-a5b1-4f78-a183-1bf272c7a8b9,b00f5b54-aabe-4272-a5a3-9f75bbf698e9,2025-09-23 15:21:59.984204+00,2025-09-23 15:21:59.984204+00,3.0,
c76a267a-00a4-4cfd-85d9-0222ec5c4b0d,d29c63d3-b972-4129-9a98-e568df4c9e13,a2726890-883c-4164-b951-a0619f43d620,2025-09-05 23:14:09.859005+00,2025-09-05 23:14:09.859005+00,1.0,
c7a113aa-2ab4-49f8-b5fd-667ea2fc7653,b94e7e71-2843-4c04-97b2-6ac00ab3cc3a,410277eb-539b-460c-aff9-24a4a1521dec,2025-08-25 20:21:52.901709+00,2025-08-26 17:24:44.305488+00,5.0,
c8a97363-30e8-41f1-b6ee-f41d7d0295ec,5908a514-aaed-42c1-b92c-1c9420edf2e5,58fd01fe-b878-41d9-8135-a7f44dbab4d4,2025-09-22 10:04:02.564096+00,2025-09-22 10:04:02.564096+00,3.0,
c8bc4288-4144-4df9-8f77-42e6bcf174f6,,4a129334-f055-43ce-849d-5edeb7b82b1f,2025-09-06 15:53:28.958537+00,2025-09-06 20:28:02.58778+00,2.0,6914c3bf-993b-4814-ba36-e716e615730d
c8c1da2e-c13b-43c7-998a-6f3e6622e9a6,55b21b35-9ad5-42cd-b767-b4303b18c574,c7f64752-3e0b-4b9c-b96a-ead26aa0258e,2025-08-25 20:15:52.800218+00,2025-08-29 20:08:08.225113+00,2.0,
c9c0af35-1808-44cd-9e6c-30ff5d50a0de,,c7f64752-3e0b-4b9c-b96a-ead26aa0258e,2025-08-25 20:15:40.294815+00,2025-09-23 21:58:56.100797+00,5.0,e99fa35b-992f-4074-a820-1f67a802afef
cb3a0913-8db0-4a6e-a117-50d19c70a001,,0212b5e3-2b19-44a0-a39f-5c0202307872,2025-09-05 18:52:16.154304+00,2025-09-14 21:08:22.481968+00,3.0,e13b249c-c02a-4e79-afdc-4b1f6983eb02
cbe4e370-d34b-40fa-bbee-c7a1f2a2a7b7,add0aa18-d07e-4d70-b067-ef5d22a06add,bf6f8662-b890-496c-bbd7-6f213b86ca91,2025-08-26 20:41:08.872955+00,2025-08-26 20:41:08.872955+00,3.0,
cd9c1e02-537f-47b2-9c25-dd864c829bc9,5908a514-aaed-42c1-b92c-1c9420edf2e5,a2726890-883c-4164-b951-a0619f43d620,2025-09-23 17:31:36.687344+00,2025-09-23 17:31:36.687344+00,4.0,
cdbaadbc-fe96-44e0-9413-73792cb4ea08,44f30529-0eb3-4dab-9ca7-db3d7cc945b0,e2422f0b-540b-4f35-9ddb-8f4610471bf6,2025-08-25 20:14:36.159163+00,2025-08-28 09:57:03.640189+00,2.0,
ce1cf36b-195b-4208-ad34-6d2d8f0da39c,ca243944-18cd-4721-bd4b-34a09821925b,0212b5e3-2b19-44a0-a39f-5c0202307872,2025-08-27 19:21:28.271795+00,2025-08-27 19:21:28.271795+00,4.0,
ce97ed40-99b1-4479-9ec2-e80ac1a3362e,010fe522-7459-45de-8051-58177c410d40,4c4fcd34-a462-4c60-aa86-fa9731ea7212,2025-08-27 19:20:26.945066+00,2025-08-27 19:20:26.945066+00,3.0,
cf493daa-8e69-43cc-bdc8-494127f6d2a5,5fefe6e4-be1a-426f-84f6-de65bea7ae81,a2726890-883c-4164-b951-a0619f43d620,2025-09-05 23:19:04.347065+00,2025-09-05 23:19:04.347065+00,5.0,
cf7d24ce-1639-4ca4-a588-f2de7287ca48,,58fd01fe-b878-41d9-8135-a7f44dbab4d4,2025-08-29 20:23:28.765464+00,2025-09-22 21:24:45.485416+00,4.0,e0342b90-a3e5-4f6d-8c42-3ccd59778d3a
cf87885d-abb4-4d46-ba0d-d4a0f17ac296,121cb431-a455-47c2-9de0-ce3c38f2cdb4,0dd6a46d-90a0-4fca-96bc-5de7241f3c6c,2025-08-29 20:16:18.644638+00,2025-08-29 20:16:18.644638+00,3.0,
d16c1264-f143-492f-a3f3-b8a3748d083d,de867c76-28b3-4c69-a653-eee2dc5f8063,29ea2657-3e45-4d28-9abe-6db1d6cdd41b,2025-09-24 08:22:29.7939+00,2025-09-24 08:22:29.7939+00,5.0,
d1a94d46-dbb9-4fd1-b342-2313fc4feb5b,9d6f9e02-8b51-4739-ac26-473807235e3a,0dd6a46d-90a0-4fca-96bc-5de7241f3c6c,2025-08-27 18:06:53.622266+00,2025-08-29 20:28:52.060566+00,4.0,
d1b420fd-54ba-4be5-ba70-a462c95ab571,,b00f5b54-aabe-4272-a5a3-9f75bbf698e9,2025-09-03 21:37:46.497216+00,2025-09-08 21:30:32.638398+00,5.0,
d1e14832-8e21-481f-af01-f8283b3bf15f,2a16fdea-5cc3-44d3-a560-faf9777ada54,4c11d5fc-32e7-4202-8b96-bc911288d4d6,2025-09-22 17:17:05.961354+00,2025-09-22 17:17:05.961354+00,4.0,
d22a1039-d289-4574-91d5-8694fc08ca5f,,410277eb-539b-460c-aff9-24a4a1521dec,2025-08-29 20:22:20.87462+00,2025-09-22 21:24:45.485416+00,5.0,e0342b90-a3e5-4f6d-8c42-3ccd59778d3a
d3635e5e-ff5f-4991-8d12-aae1602806f8,9d6f9e02-8b51-4739-ac26-473807235e3a,c7f64752-3e0b-4b9c-b96a-ead26aa0258e,2025-08-29 20:07:10.94146+00,2025-08-29 20:07:10.94146+00,5.0,
d384f050-7418-418e-89ce-ffda818556c7,aa84b2bc-f7ec-4901-975a-f7d336ad7c0a,a2726890-883c-4164-b951-a0619f43d620,2025-08-25 19:09:49.126943+00,2025-09-05 23:15:58.982768+00,2.0,
d3de2adc-2491-4ae0-99cd-5b9158c59096,2a16fdea-5cc3-44d3-a560-faf9777ada54,58fd01fe-b878-41d9-8135-a7f44dbab4d4,2025-09-05 23:18:35.05507+00,2025-09-05 23:18:35.05507+00,5.0,
d40c30bc-62b9-4f34-b832-9ec2b4750faa,b94e7e71-2843-4c04-97b2-6ac00ab3cc3a,29ea2657-3e45-4d28-9abe-6db1d6cdd41b,2025-08-25 20:23:03.348094+00,2025-08-26 18:20:39.933173+00,3.0,
d4110478-2b1b-4f4b-aa25-d0d1c49fe840,5908a514-aaed-42c1-b92c-1c9420edf2e5,410277eb-539b-460c-aff9-24a4a1521dec,2025-09-07 12:19:19.563713+00,2025-09-07 12:19:19.563713+00,5.0,
d4150f92-f40b-42d1-9be9-344b4d60498d,b4c85b07-ce16-4748-8d26-50c3511e0a11,a2726890-883c-4164-b951-a0619f43d620,2025-09-23 17:29:47.742965+00,2025-09-23 17:29:47.742965+00,5.0,
d49e978d-7fc0-43d3-bd1a-6a8116944eb1,8f91c4af-5a9c-446d-aef9-2ae7e308bd2d,f47f4579-1502-4ca3-8997-2b8826c49806,2025-09-07 17:06:35.788281+00,2025-09-07 17:06:35.788281+00,3.0,
d4b99b03-88b8-42af-9d18-98b7e7331f68,,e4f7f8ef-e94c-49ba-b692-99cefc421554,2025-09-06 15:43:19.160293+00,2025-09-06 15:43:36.841294+00,1.0,0f92d7f9-708f-4265-b7a0-321dcc57bc4e
d531ce76-d58c-43ed-9ce3-0b701b6e671f,76ca1e54-176d-49d5-a63f-a59080b7cd98,f47f4579-1502-4ca3-8997-2b8826c49806,2025-09-06 14:27:04.990951+00,2025-09-06 14:27:04.990951+00,2.0,
d5dd1fe2-602f-46e8-9641-e984db8a922c,44f30529-0eb3-4dab-9ca7-db3d7cc945b0,4c11d5fc-32e7-4202-8b96-bc911288d4d6,2025-09-22 17:17:03.019619+00,2025-09-22 17:17:03.019619+00,1.0,
d658b6e4-bcf0-49dd-8973-00f43ef67386,de57bc19-e556-45df-b256-d4c12c6c536a,4de727b2-3853-4fcc-9ad2-2b80d3f02e1c,2025-09-23 17:33:15.013898+00,2025-09-23 17:33:17.53769+00,3.0,
d6759be8-47a8-43ac-a5a0-e4e77e703696,,0dd6a46d-90a0-4fca-96bc-5de7241f3c6c,2025-08-29 20:08:51.541637+00,2025-09-22 21:24:45.485416+00,5.0,e0342b90-a3e5-4f6d-8c42-3ccd59778d3a
d7d0ccf5-6d5a-4864-82b6-cb681942559a,de57bc19-e556-45df-b256-d4c12c6c536a,c7f64752-3e0b-4b9c-b96a-ead26aa0258e,2025-08-25 20:15:34.773723+00,2025-08-29 20:08:16.620158+00,4.0,
d803259a-b24c-4e6f-b739-92ed23da456e,09b826fc-893f-459f-be25-291dafd6a752,0dd6a46d-90a0-4fca-96bc-5de7241f3c6c,2025-08-31 19:05:00.414423+00,2025-08-31 19:05:09.024709+00,2.0,
d817a643-8b39-4dc4-925b-2591886f85cd,9d6f9e02-8b51-4739-ac26-473807235e3a,e2422f0b-540b-4f35-9ddb-8f4610471bf6,2025-08-26 09:29:11.781845+00,2025-08-28 09:56:40.643226+00,4.0,
d838d349-5adc-4dc1-9224-9304223e4c57,,e2422f0b-540b-4f35-9ddb-8f4610471bf6,2025-09-05 23:22:26.591309+00,2025-09-08 21:30:32.638398+00,5.0,
d84d7bfc-db10-4fea-9202-3de3dd131055,5b78b2bf-602e-4add-b8eb-78f0cb108df0,29ea2657-3e45-4d28-9abe-6db1d6cdd41b,2025-08-25 09:43:36.15447+00,2025-08-26 18:20:34.827864+00,3.0,
d8726497-85b7-4182-b485-88ca8cdeb2f9,aa84b2bc-f7ec-4901-975a-f7d336ad7c0a,bf6f8662-b890-496c-bbd7-6f213b86ca91,2025-08-26 20:39:59.248929+00,2025-08-26 20:39:59.248929+00,4.0,
d914e21e-465d-487f-95b3-d598bfd10d96,121cb431-a455-47c2-9de0-ce3c38f2cdb4,4c4fcd34-a462-4c60-aa86-fa9731ea7212,2025-08-27 19:20:32.276644+00,2025-08-27 19:20:40.620726+00,4.0,
da1b4686-6863-43f5-9b2f-b87a20e8defc,,f47f4579-1502-4ca3-8997-2b8826c49806,2025-09-06 14:45:58.709369+00,2025-09-06 15:53:46.499495+00,2.0,3baacdc6-7365-4424-b88d-b21b34a5e85d
da4efe99-2b46-468a-bacc-59ba9cdf46fa,,4a129334-f055-43ce-849d-5edeb7b82b1f,2025-09-06 15:43:22.717435+00,2025-09-06 15:43:36.841294+00,4.0,0f92d7f9-708f-4265-b7a0-321dcc57bc4e
dbdbddab-2440-487b-aeb0-7e593ceb5bd2,33b2175a-3b74-4c25-958b-97b823fd814e,e2422f0b-540b-4f35-9ddb-8f4610471bf6,2025-08-24 19:38:15.988719+00,2025-08-28 09:55:05.545593+00,5.0,
dbe6d838-1858-4d05-9cc2-5f8ba49db248,caf97668-a982-4dbd-9c76-7b7675836dd7,bf6f8662-b890-496c-bbd7-6f213b86ca91,2025-08-26 20:41:26.8444+00,2025-08-26 20:41:26.8444+00,5.0,
dc1ca9ab-2036-4a96-acc4-3de8e13d1f43,33b2175a-3b74-4c25-958b-97b823fd814e,0212b5e3-2b19-44a0-a39f-5c0202307872,2025-08-27 19:14:36.739261+00,2025-08-27 19:14:36.739261+00,2.0,
dd050a40-5343-45af-90d0-f3b5913661c4,,e4f7f8ef-e94c-49ba-b692-99cefc421554,2025-09-07 17:06:39.885033+00,2025-09-07 19:08:58.639568+00,2.0,60cc5e48-94e0-4c70-959c-e300939c334b
ddbb4f44-68f7-452a-8b08-e341e74e03d4,9fd581ea-a5b1-4f78-a183-1bf272c7a8b9,410277eb-539b-460c-aff9-24a4a1521dec,2025-09-23 17:17:52.650612+00,2025-09-23 17:17:52.650612+00,5.0,
de145ddd-11a8-403d-b303-76a97f9c3654,ca243944-18cd-4721-bd4b-34a09821925b,29ea2657-3e45-4d28-9abe-6db1d6cdd41b,2025-08-27 18:37:36.791804+00,2025-08-27 18:37:37.630956+00,1.0,
de36581f-ccbf-4c8a-bd9a-2c1b8c5d03a8,326ff74c-6563-48e9-88a7-ce9b34cf1ed9,4de727b2-3853-4fcc-9ad2-2b80d3f02e1c,2025-09-05 23:14:51.985921+00,2025-09-05 23:14:53.361478+00,4.0,
de3c0ff6-0bfc-48d8-b3f7-d1366aeee4dc,796b2e6d-b8f5-4a62-9040-2094a5bf720c,0dd6a46d-90a0-4fca-96bc-5de7241f3c6c,2025-09-22 21:43:56.109377+00,2025-09-22 21:43:56.109377+00,3.0,
de5e304f-7915-4454-8938-0edd9a5a2383,8f91c4af-5a9c-446d-aef9-2ae7e308bd2d,9c974d76-199c-4c05-bd80-2a0681451fe1,2025-09-07 17:06:36.578349+00,2025-09-07 17:06:36.578349+00,4.0,
df14beb7-ff0c-40a8-bd91-67916ad35831,,b00f5b54-aabe-4272-a5a3-9f75bbf698e9,2025-09-22 21:41:48.102953+00,2025-09-25 22:03:03.708766+00,5.0,5a75c8c1-f378-4f2b-830c-6474ab7f1fb0
df2b1563-293d-4610-a932-5b87175615e0,a39a97be-3b4c-4daa-9602-48dbca57ffbb,4c11d5fc-32e7-4202-8b96-bc911288d4d6,2025-09-22 17:16:45.725482+00,2025-09-22 17:16:45.725482+00,3.0,
dfa82c1e-1cc9-42f0-9dff-dc3943ba4b8a,aa84b2bc-f7ec-4901-975a-f7d336ad7c0a,58fd01fe-b878-41d9-8135-a7f44dbab4d4,2025-08-24 19:52:03.46412+00,2025-08-26 20:13:26.870282+00,4.0,
e0232849-6d79-4756-94d2-625b721e5747,5fefe6e4-be1a-426f-84f6-de65bea7ae81,410277eb-539b-460c-aff9-24a4a1521dec,2025-09-01 18:44:29.603982+00,2025-09-01 18:44:29.603982+00,5.0,
e0456695-d9d7-453c-92e6-0b07e1216991,ca243944-18cd-4721-bd4b-34a09821925b,c7f64752-3e0b-4b9c-b96a-ead26aa0258e,2025-08-29 20:06:31.229315+00,2025-08-29 20:06:31.229315+00,5.0,
e0e36616-5b1f-408e-9292-d6b8119992a8,33b2175a-3b74-4c25-958b-97b823fd814e,4de727b2-3853-4fcc-9ad2-2b80d3f02e1c,2025-09-09 05:46:16.678611+00,2025-09-09 05:46:16.678611+00,3.0,
e0f1f241-b85d-4c56-aa2a-81eaa878e2b1,02e616a5-a398-4dcf-9972-0526e0bb5452,0dd6a46d-90a0-4fca-96bc-5de7241f3c6c,2025-09-25 19:36:36.253501+00,2025-09-25 19:36:36.253501+00,4.0,
e0f70f43-1b83-4967-8a4e-1dd16fdf59a5,5908a514-aaed-42c1-b92c-1c9420edf2e5,4c11d5fc-32e7-4202-8b96-bc911288d4d6,2025-09-22 17:16:49.195296+00,2025-09-22 17:16:49.195296+00,4.0,
e1f7bd34-c62f-402e-89e1-d4c020e2460f,29d948d7-5f36-45d7-958b-476aff7f0e34,0212b5e3-2b19-44a0-a39f-5c0202307872,2025-09-05 23:14:55.961404+00,2025-09-05 23:14:55.961404+00,5.0,
e252d5cb-8d45-4171-a6b8-a624c2b21f30,5fefe6e4-be1a-426f-84f6-de65bea7ae81,0dd6a46d-90a0-4fca-96bc-5de7241f3c6c,2025-08-30 14:39:51.109872+00,2025-08-30 14:39:51.109872+00,5.0,
e30643c8-eb6d-49f1-a123-42d1ffcec0b5,,b00f5b54-aabe-4272-a5a3-9f75bbf698e9,2025-09-03 21:37:50.760102+00,2025-09-14 21:08:22.481968+00,5.0,e13b249c-c02a-4e79-afdc-4b1f6983eb02
e31cf2eb-000d-4312-bd50-e4b5c62c637f,c29672ee-796b-4ce2-82e1-8dd2ab26b307,4c11d5fc-32e7-4202-8b96-bc911288d4d6,2025-09-22 17:17:40.116327+00,2025-09-22 17:17:40.116327+00,3.0,
e33d87cf-634a-4053-8d89-d0b89d414279,55b21b35-9ad5-42cd-b767-b4303b18c574,b00f5b54-aabe-4272-a5a3-9f75bbf698e9,2025-08-25 11:32:53.715947+00,2025-08-26 17:47:33.938152+00,1.0,
e3e1a504-44e8-4fd4-b070-b2732e1d3b8f,326ff74c-6563-48e9-88a7-ce9b34cf1ed9,4c11d5fc-32e7-4202-8b96-bc911288d4d6,2025-09-22 17:16:33.849086+00,2025-09-22 17:16:33.849086+00,3.0,
e3e779fe-f2d7-4d61-b3e6-b8cbbc60437b,446e0d92-5ff7-4069-8527-0c9189df7671,4c11d5fc-32e7-4202-8b96-bc911288d4d6,2025-09-22 17:17:50.506178+00,2025-09-22 17:17:50.506178+00,3.0,
e5746228-d3fe-45ab-b229-16858aa213bb,121cb431-a455-47c2-9de0-ce3c38f2cdb4,a2726890-883c-4164-b951-a0619f43d620,2025-09-05 23:18:11.88024+00,2025-09-05 23:18:11.88024+00,5.0,
e5ba7283-2624-4529-bdd6-05e6d8ecdfab,446e0d92-5ff7-4069-8527-0c9189df7671,410277eb-539b-460c-aff9-24a4a1521dec,2025-09-07 12:19:08.80389+00,2025-09-07 12:19:08.80389+00,1.0,
e6c3b46a-ab1c-4e43-a7e3-28c1217811af,c29672ee-796b-4ce2-82e1-8dd2ab26b307,0dd6a46d-90a0-4fca-96bc-5de7241f3c6c,2025-08-24 19:40:46.594706+00,2025-08-27 18:03:02.829992+00,3.0,
e6e5b7e7-45a4-4998-9413-02f58f872df7,de867c76-28b3-4c69-a653-eee2dc5f8063,58fd01fe-b878-41d9-8135-a7f44dbab4d4,2025-09-25 19:37:03.397071+00,2025-09-25 19:37:03.397071+00,4.0,
e7c7c8de-0e70-4961-acc6-b72871846f97,55b21b35-9ad5-42cd-b767-b4303b18c574,4c4fcd34-a462-4c60-aa86-fa9731ea7212,2025-08-27 19:16:13.226955+00,2025-08-27 19:16:13.226955+00,2.0,
e7e3760a-286e-48c4-a352-928f70d63004,b94e7e71-2843-4c04-97b2-6ac00ab3cc3a,a2726890-883c-4164-b951-a0619f43d620,2025-09-05 23:16:47.468996+00,2025-09-05 23:16:47.468996+00,4.0,
e7f2b03a-9ecd-4896-9bc7-5afb2d8ee561,d29c63d3-b972-4129-9a98-e568df4c9e13,0212b5e3-2b19-44a0-a39f-5c0202307872,2025-09-05 23:15:00.481608+00,2025-09-05 23:15:00.481608+00,5.0,
e81903af-0598-4449-bcb0-5e6c290b7cdb,010fe522-7459-45de-8051-58177c410d40,58fd01fe-b878-41d9-8135-a7f44dbab4d4,2025-08-25 20:17:36.903141+00,2025-08-26 20:15:16.190087+00,3.0,
e82c4675-b078-4381-8078-64b2b8c06222,55b21b35-9ad5-42cd-b767-b4303b18c574,0212b5e3-2b19-44a0-a39f-5c0202307872,2025-08-27 19:16:19.401841+00,2025-08-27 19:16:20.536148+00,2.0,
e9b6bd56-3b09-4b87-ae83-71f89fe0a649,a39a97be-3b4c-4daa-9602-48dbca57ffbb,c7f64752-3e0b-4b9c-b96a-ead26aa0258e,2025-08-25 20:17:13.275046+00,2025-08-29 20:06:59.639302+00,5.0,
eaa0b139-7c51-46e2-9153-4bc6c744c37a,34f4243d-e7fb-4e34-b5ff-b8853ef209b3,e2422f0b-540b-4f35-9ddb-8f4610471bf6,2025-08-24 19:38:13.907292+00,2025-08-28 09:56:01.510495+00,5.0,
eac4fcd4-1508-4ebb-bfdc-16de965eb227,010fe522-7459-45de-8051-58177c410d40,4c11d5fc-32e7-4202-8b96-bc911288d4d6,2025-09-22 17:16:52.403424+00,2025-09-22 17:16:52.403424+00,1.0,
eba332e4-2050-4850-9593-1ac80ea39324,5b78b2bf-602e-4add-b8eb-78f0cb108df0,a2726890-883c-4164-b951-a0619f43d620,2025-08-25 20:16:11.370791+00,2025-09-05 23:16:37.909488+00,4.0,
ec06487f-2216-4eb0-bd24-3032b3b27249,3fb064b3-c8cb-4102-a751-6e5341f50049,a2726890-883c-4164-b951-a0619f43d620,2025-09-23 17:32:27.452029+00,2025-09-23 17:32:27.452029+00,5.0,
ec79d53e-a609-4463-bda1-b484531a7d8f,add0aa18-d07e-4d70-b067-ef5d22a06add,0212b5e3-2b19-44a0-a39f-5c0202307872,2025-08-27 19:19:15.824714+00,2025-08-27 19:19:15.824714+00,1.0,
ed28c87d-8f8e-474d-a536-ee053a314782,a97a3bd4-192e-4a1d-8089-631d1a04ee88,e2422f0b-540b-4f35-9ddb-8f4610471bf6,2025-08-24 19:38:19.184792+00,2025-08-28 09:55:55.71195+00,5.0,
edb4f3d0-aa7b-4ce7-90a3-a34b3e918cb5,de867c76-28b3-4c69-a653-eee2dc5f8063,b00f5b54-aabe-4272-a5a3-9f75bbf698e9,2025-09-24 14:34:36.733147+00,2025-09-24 14:34:36.733147+00,5.0,
ee29e09a-1c98-4407-9472-bb945de121af,,4de727b2-3853-4fcc-9ad2-2b80d3f02e1c,2025-09-23 17:34:13.777875+00,2025-09-23 21:58:56.100797+00,3.0,e99fa35b-992f-4074-a820-1f67a802afef
ee3f531b-4007-4d57-aca3-a3134c65019c,b94e7e71-2843-4c04-97b2-6ac00ab3cc3a,bf6f8662-b890-496c-bbd7-6f213b86ca91,2025-08-26 20:40:38.533026+00,2025-08-26 20:40:38.533026+00,1.0,
ee6fe4f9-d52d-4b2f-9d8f-30c25622c271,,a2726890-883c-4164-b951-a0619f43d620,2025-09-05 23:17:16.801053+00,2025-09-22 21:24:45.485416+00,2.0,e0342b90-a3e5-4f6d-8c42-3ccd59778d3a
eee30ed0-e499-488f-93cf-a26fd1eb1216,a39a97be-3b4c-4daa-9602-48dbca57ffbb,4de727b2-3853-4fcc-9ad2-2b80d3f02e1c,2025-09-23 17:32:53.993548+00,2025-09-23 17:32:53.993548+00,2.0,
f05c7af3-5349-403b-b968-badec7f397b6,caf97668-a982-4dbd-9c76-7b7675836dd7,e2422f0b-540b-4f35-9ddb-8f4610471bf6,2025-08-28 09:58:05.606256+00,2025-08-28 09:58:05.606256+00,3.0,
f074408d-6a1d-470c-bf16-d6659de218f7,78624a7f-5015-4907-9d5d-cfc740750271,f47f4579-1502-4ca3-8997-2b8826c49806,2025-09-06 15:53:18.745173+00,2025-09-06 15:53:18.745173+00,3.0,
f0cc0eab-383e-4847-aead-559aacb838f8,9d6f9e02-8b51-4739-ac26-473807235e3a,410277eb-539b-460c-aff9-24a4a1521dec,2025-08-26 17:24:54.32089+00,2025-08-26 17:24:54.32089+00,5.0,
f0e56a4b-2291-4880-b4de-8960d56a210e,5908a514-aaed-42c1-b92c-1c9420edf2e5,4de727b2-3853-4fcc-9ad2-2b80d3f02e1c,2025-09-09 05:45:17.947158+00,2025-09-09 05:45:17.947158+00,5.0,
f168b41f-7114-441b-9401-8eed994ed99f,010fe522-7459-45de-8051-58177c410d40,e2422f0b-540b-4f35-9ddb-8f4610471bf6,2025-08-25 20:14:08.831382+00,2025-08-28 09:57:06.696798+00,5.0,
f1ac97d9-ad0e-4800-a2b0-30dcef5fc30e,1bfef229-9c70-4168-94d6-880d37e5da96,0dd6a46d-90a0-4fca-96bc-5de7241f3c6c,2025-09-11 14:08:04.148845+00,2025-09-11 14:08:04.148845+00,5.0,
f2dfae6a-4aea-41bf-866a-97364d7d6668,121cb431-a455-47c2-9de0-ce3c38f2cdb4,410277eb-539b-460c-aff9-24a4a1521dec,2025-08-27 22:33:27.299523+00,2025-08-27 22:33:27.299523+00,5.0,
f314372c-5214-4bc9-810b-dccc4d510379,02e616a5-a398-4dcf-9972-0526e0bb5452,58fd01fe-b878-41d9-8135-a7f44dbab4d4,2025-09-25 19:37:16.323369+00,2025-09-25 19:37:16.323369+00,3.0,
f32525eb-5c91-4b8f-b633-b4daf5ac670c,5fefe6e4-be1a-426f-84f6-de65bea7ae81,4c11d5fc-32e7-4202-8b96-bc911288d4d6,2025-09-22 17:17:31.625567+00,2025-09-22 17:17:31.625567+00,3.0,
f42742a7-37a4-40a8-9e57-90d24c130a01,44f30529-0eb3-4dab-9ca7-db3d7cc945b0,bf6f8662-b890-496c-bbd7-6f213b86ca91,2025-08-26 20:41:12.444747+00,2025-08-26 20:41:12.444747+00,5.0,
f440c90a-0e61-4324-a3ed-8cc564834394,,81e43532-b6dd-438d-bd72-62be3723c0a4,2025-09-07 17:06:42.301744+00,2025-09-07 19:08:58.639568+00,5.0,60cc5e48-94e0-4c70-959c-e300939c334b
f46657ef-e846-400c-86b5-30343e2d96fc,326ff74c-6563-48e9-88a7-ce9b34cf1ed9,c7f64752-3e0b-4b9c-b96a-ead26aa0258e,2025-08-25 20:15:16.231062+00,2025-08-29 20:08:23.388342+00,1.0,
f5d19719-629d-445a-95ba-fc84a55b160d,55b21b35-9ad5-42cd-b767-b4303b18c574,29ea2657-3e45-4d28-9abe-6db1d6cdd41b,2025-08-25 09:42:52.230247+00,2025-08-26 18:20:13.076539+00,5.0,
f5dbef94-6c78-42c8-aac9-3a962dfa7e01,,a2726890-883c-4164-b951-a0619f43d620,2025-09-05 23:19:23.917521+00,2025-09-08 21:30:32.638398+00,3.0,
f7a923a6-8687-49b6-a9d0-dc72847ddf66,02e616a5-a398-4dcf-9972-0526e0bb5452,410277eb-539b-460c-aff9-24a4a1521dec,2025-09-23 19:29:15.013265+00,2025-09-23 19:29:15.013265+00,5.0,
f7ab3498-1240-4398-b0fe-915312ef4239,5b78b2bf-602e-4add-b8eb-78f0cb108df0,b00f5b54-aabe-4272-a5a3-9f75bbf698e9,2025-08-24 19:40:15.686853+00,2025-08-26 17:47:48.902989+00,5.0,
f7abd114-fb4b-4a64-9015-ba9b8892cc28,796b2e6d-b8f5-4a62-9040-2094a5bf720c,58fd01fe-b878-41d9-8135-a7f44dbab4d4,2025-09-22 10:03:45.533939+00,2025-09-22 10:03:45.533939+00,3.0,
f7cebf1b-01ac-43fb-9b8d-36cf736eed6f,b94e7e71-2843-4c04-97b2-6ac00ab3cc3a,58fd01fe-b878-41d9-8135-a7f44dbab4d4,2025-08-25 20:22:35.074325+00,2025-08-26 20:14:19.161823+00,3.0,
f837cdb5-7170-4405-ae88-4e2371dcff1d,b4c85b07-ce16-4748-8d26-50c3511e0a11,58fd01fe-b878-41d9-8135-a7f44dbab4d4,2025-09-25 19:37:37.542848+00,2025-09-25 19:37:37.542848+00,3.0,
f980c90e-8131-44ec-b999-d64499f9d3d0,,bf6f8662-b890-496c-bbd7-6f213b86ca91,2025-09-23 17:44:27.23937+00,2025-09-25 22:02:55.221787+00,3.0,5a75c8c1-f378-4f2b-830c-6474ab7f1fb0
f9d2e9f5-69e6-4a75-95cd-284cf500f495,446e0d92-5ff7-4069-8527-0c9189df7671,bf6f8662-b890-496c-bbd7-6f213b86ca91,2025-09-12 11:17:42.590063+00,2025-09-12 11:17:42.590063+00,1.0,
fa85cf2b-d280-4e46-876a-ee2b10c7970b,44f30529-0eb3-4dab-9ca7-db3d7cc945b0,4c4fcd34-a462-4c60-aa86-fa9731ea7212,2025-08-27 19:20:02.579409+00,2025-08-27 19:20:02.579409+00,3.0,
faaa4f16-2949-4390-8e74-5799e582dd0a,,4c11d5fc-32e7-4202-8b96-bc911288d4d6,2025-09-22 17:16:15.150189+00,2025-09-23 21:58:56.100797+00,2.0,e99fa35b-992f-4074-a820-1f67a802afef
fab158d0-6046-4537-875e-aaa9feaa35cf,caf97668-a982-4dbd-9c76-7b7675836dd7,29ea2657-3e45-4d28-9abe-6db1d6cdd41b,2025-08-26 22:07:06.868435+00,2025-08-26 22:07:06.868435+00,3.0,
fbb958c8-a220-411f-8ca5-0db6a865c75e,29d948d7-5f36-45d7-958b-476aff7f0e34,410277eb-539b-460c-aff9-24a4a1521dec,2025-09-05 23:18:19.575308+00,2025-09-05 23:18:19.575308+00,5.0,
fbbce0b3-8e44-44ad-8127-ced26d9da638,5fefe6e4-be1a-426f-84f6-de65bea7ae81,b00f5b54-aabe-4272-a5a3-9f75bbf698e9,2025-08-30 14:46:49.112383+00,2025-08-30 14:46:49.112383+00,4.0,
fbcc2252-ab3e-4c4e-847f-29dc9e41fa8b,29d948d7-5f36-45d7-958b-476aff7f0e34,0dd6a46d-90a0-4fca-96bc-5de7241f3c6c,2025-09-05 23:16:18.404553+00,2025-09-05 23:16:18.404553+00,3.0,
fce3be86-fc3a-4a5d-9dd2-e2bbcd6fb5c7,,e2422f0b-540b-4f35-9ddb-8f4610471bf6,2025-08-29 20:11:52.470445+00,2025-09-22 21:24:45.485416+00,1.0,e0342b90-a3e5-4f6d-8c42-3ccd59778d3a
fcf24433-1c35-483b-8c40-6044539f3e81,,410277eb-539b-460c-aff9-24a4a1521dec,2025-09-22 21:42:28.653162+00,2025-09-25 22:01:46.399956+00,5.0,5a75c8c1-f378-4f2b-830c-6474ab7f1fb0
fd9c3549-57bb-4ecf-9ec8-a06df056194f,,f47f4579-1502-4ca3-8997-2b8826c49806,2025-09-06 15:53:27.938332+00,2025-09-06 20:28:02.58778+00,3.0,6914c3bf-993b-4814-ba36-e716e615730d
fdfaffbb-f177-4f05-b10e-edf233b097be,9fd581ea-a5b1-4f78-a183-1bf272c7a8b9,4c11d5fc-32e7-4202-8b96-bc911288d4d6,2025-09-23 14:07:37.656762+00,2025-09-23 14:07:37.656762+00,5.0,
ff15ff5f-3376-451f-bd9d-fb33560d5714,326ff74c-6563-48e9-88a7-ce9b34cf1ed9,29ea2657-3e45-4d28-9abe-6db1d6cdd41b,2025-08-25 09:45:08.244924+00,2025-08-26 18:20:04.1609+00,5.0,
ffbc3bb7-f8b8-4aa7-b18b-a3f066f3b1e5,c29672ee-796b-4ce2-82e1-8dd2ab26b307,a2726890-883c-4164-b951-a0619f43d620,2025-08-25 19:09:15.132068+00,2025-09-05 23:14:38.186979+00,2.0,
ffcb7075-ee24-4b33-a651-3ebf8e3689cc,796b2e6d-b8f5-4a62-9040-2094a5bf720c,4c11d5fc-32e7-4202-8b96-bc911288d4d6,2025-09-16 20:50:47.692896+00,2025-09-16 20:50:47.692896+00,5.0,