id,watched_movie_id,person_id,rating,created_at,updated_at,present
005eb4ac-cc3a-4c5e-ac99-a177249db936,eaf0004f-7022-4262-a6b1-b6dc0122724c,0212b5e3-2b19-44a0-a39f-5c0202307872,9.0,2025-09-02 13:46:04.730596+00,2025-09-02 13:53:21.836686+00,true
0160c6a6-c6d9-47d5-ae69-992434150225,eaf0004f-7022-4262-a6b1-b6dc0122724c,4c4fcd34-a462-4c60-aa86-fa9731ea7212,8.0,2025-09-02 13:46:05.604551+00,2025-09-02 13:53:24.693471+00,true
0166c754-48a8-410c-8f99-01c32de4b069,43fed25d-f623-4c2d-8c56-35ec5724f2b8,bf6f8662-b890-496c-bbd7-6f213b86ca91,,2025-09-01 08:06:48.154977+00,2025-09-01 08:06:48.154977+00,false
0241951e-617b-49c7-90f4-6258af03bd7c,48169d8a-e711-4ae4-84da-a9c20f346742,e2422f0b-540b-4f35-9ddb-8f4610471bf6,8.0,2025-08-29 23:26:44.184606+00,2025-08-29 23:26:53.031072+00,true
038218c5-2cd2-4504-9732-3584576883c1,5419992a-3ac6-4d10-8800-ae8ff6bdae11,4c11d5fc-32e7-4202-8b96-bc911288d4d6,9.0,2025-08-31 15:06:12.063067+00,2025-08-31 15:06:15.8306+00,false
03f723bd-c1cf-4b4a-be51-540f32d3b257,11502bf3-40e3-468b-b984-b553b20a82c1,9c974d76-199c-4c05-bd80-2a0681451fe1,6.5,2025-08-29 23:30:08.856318+00,2025-09-06 15:58:22.182796+00,true
0479fb7c-d2e6-49a4-8061-c258459bab89,679b6e0b-21fb-475b-b071-96c5b3268dec,bf6f8662-b890-496c-bbd7-6f213b86ca91,,2025-08-31 15:01:23.498549+00,2025-08-31 15:01:23.498549+00,false
06aa6c58-0863-44e5-b493-be224e7234cf,43fed25d-f623-4c2d-8c56-35ec5724f2b8,58fd01fe-b878-41d9-8135-a7f44dbab4d4,7.0,2025-09-02 13:44:19.300643+00,2025-09-02 13:49:33.053263+00,true
071cc4ea-0b15-434a-8c43-5b06c32c412b,d82c7776-b3a5-4a0c-bd9d-77b5048bba06,410277eb-539b-460c-aff9-24a4a1521dec,9.0,2025-08-31 14:37:24.127018+00,2025-08-31 14:37:24.127018+00,true
08758b89-9bfe-455f-be32-82b0757f72ca,1c10be03-ac92-434f-b43b-7c987b06575f,4c4fcd34-a462-4c60-aa86-fa9731ea7212,8.0,2025-09-02 13:45:35.011225+00,2025-09-02 13:52:13.996438+00,true
0bd1f0d9-93ea-499c-9e0e-f50c789b1bbd,1c10be03-ac92-434f-b43b-7c987b06575f,c7f64752-3e0b-4b9c-b96a-ead26aa0258e,,2025-09-01 08:06:22.398316+00,2025-09-01 08:06:22.398316+00,false
0ca42832-2527-4d6b-bb7d-82b397923c15,48169d8a-e711-4ae4-84da-a9c20f346742,4c4fcd34-a462-4c60-aa86-fa9731ea7212,,2025-08-31 13:46:13.806191+00,2025-08-31 13:46:13.806191+00,false
0d146de9-6aa3-44dd-a6da-f5a251eaa125,27dc54c2-1b46-4fcd-b234-ab2e3a24a51e,b00f5b54-aabe-4272-a5a3-9f75bbf698e9,9.0,2025-08-31 21:24:50.430032+00,2025-08-31 21:24:50.430032+00,true
0ee713b6-571f-40e4-9534-f95c8f17e8e5,3b74800b-c413-46d7-b083-b73b90c6bed0,b00f5b54-aabe-4272-a5a3-9f75bbf698e9,6.0,2025-09-02 13:08:52.062696+00,2025-09-02 13:08:54.736689+00,true
127eae8e-3abb-43cf-b4f5-f4b80580f9a6,48169d8a-e711-4ae4-84da-a9c20f346742,29ea2657-3e45-4d28-9abe-6db1d6cdd41b,8.0,2025-08-29 22:38:43.664745+00,2025-08-31 15:18:39.705199+00,true
13cb8c3a-dd75-4a50-ac33-2a885b417861,48169d8a-e711-4ae4-84da-a9c20f346742,410277eb-539b-460c-aff9-24a4a1521dec,8.5,2025-08-29 22:38:24.967069+00,2025-08-29 22:38:24.967069+00,true
14aa29f4-f0b4-4d6f-ae59-30205f5e8441,48169d8a-e711-4ae4-84da-a9c20f346742,4de727b2-3853-4fcc-9ad2-2b80d3f02e1c,8.5,2025-09-05 23:13:12.522839+00,2025-09-05 23:13:12.522839+00,false
1524a17c-d879-4dc2-8a50-68767349a37c,9b575d9d-8764-44fa-b140-57e2b3c497fa,b00f5b54-aabe-4272-a5a3-9f75bbf698e9,9.0,2025-09-02 13:09:59.912635+00,2025-09-02 13:10:02.160434+00,true
1671753b-99d0-4b13-ba5d-241b75a18fdc,6329deff-9bdb-4163-b582-aeb3a4e7e64b,4c11d5fc-32e7-4202-8b96-bc911288d4d6,,2025-09-01 08:06:38.973854+00,2025-09-01 08:06:38.973854+00,false
17802bad-e424-43e7-887e-ae645df3e203,1b62031b-1418-447c-a679-ea3a57337936,58fd01fe-b878-41d9-8135-a7f44dbab4d4,4.5,2025-09-02 13:46:15.61338+00,2025-09-02 13:53:48.963916+00,true
1a7cbdad-0443-4d15-8a5b-6009a08588a5,9b575d9d-8764-44fa-b140-57e2b3c497fa,a2726890-883c-4164-b951-a0619f43d620,8.0,2025-09-02 13:44:06.906518+00,2025-09-02 13:49:08.126216+00,true
1b0e2e1a-225d-4154-996c-4b737c197f4c,5419992a-3ac6-4d10-8800-ae8ff6bdae11,b00f5b54-aabe-4272-a5a3-9f75bbf698e9,10.0,2025-08-27 22:16:16.693471+00,2025-08-27 23:28:07.823243+00,true
1b1c1b28-bcbc-41ff-8a1d-19abd21dda4a,eaf0004f-7022-4262-a6b1-b6dc0122724c,4c11d5fc-32e7-4202-8b96-bc911288d4d6,9.0,2025-09-02 14:38:45.111728+00,2025-09-02 14:39:00.938169+00,false
1ba21b39-dcb0-4208-87ce-821d24bbf387,eaf0004f-7022-4262-a6b1-b6dc0122724c,410277eb-539b-460c-aff9-24a4a1521dec,9.5,2025-09-01 18:37:53.25195+00,2025-09-01 18:37:53.25195+00,true
1f5f52ca-487f-4699-9c91-e9e4001295f2,68acdb3b-5ff3-4c51-9528-72a708b078ef,58fd01fe-b878-41d9-8135-a7f44dbab4d4,8.0,2025-09-02 13:54:25.426702+00,2025-09-02 14:07:32.347084+00,true
1fff969d-06cf-429c-adb0-b0fbd11a4333,27dc54c2-1b46-4fcd-b234-ab2e3a24a51e,4c11d5fc-32e7-4202-8b96-bc911288d4d6,,2025-08-31 21:24:44.28482+00,2025-08-31 21:24:44.28482+00,false
2013f572-e9c4-43d6-ad8c-f6cc6a6b9357,68acdb3b-5ff3-4c51-9528-72a708b078ef,e2422f0b-540b-4f35-9ddb-8f4610471bf6,7.0,2025-09-02 13:54:27.661066+00,2025-09-02 14:15:39.324305+00,true
208db5cc-6ce7-4840-a9e7-d17135595d13,0f92d7f9-708f-4265-b7a0-321dcc57bc4e,4a129334-f055-43ce-849d-5edeb7b82b1f,3.0,2025-09-06 20:27:17.527569+00,2025-09-06 20:27:19.530129+00,true
228d6338-d20d-4f5d-805e-e0517c4f9f02,679b6e0b-21fb-475b-b071-96c5b3268dec,e2422f0b-540b-4f35-9ddb-8f4610471bf6,9.0,2025-09-02 13:45:40.71981+00,2025-09-02 13:52:30.715718+00,true
2323b546-4a43-4af4-b4e4-eea0d7735f45,0f92d7f9-708f-4265-b7a0-321dcc57bc4e,81e43532-b6dd-438d-bd72-62be3723c0a4,5.0,2025-09-06 15:43:42.744787+00,2025-09-06 20:27:25.463143+00,true
24447fdd-2c66-4c39-8f05-64bf10409477,cb9e2d1f-e7b5-4dd6-87f4-e3b732aef99b,0dd6a46d-90a0-4fca-96bc-5de7241f3c6c,,2025-09-02 13:43:44.334533+00,2025-09-02 13:43:44.334533+00,true
264af89e-9727-44d5-9818-1f68896b9dac,690fd4e7-7db9-4654-bd5d-e92d74421296,0dd6a46d-90a0-4fca-96bc-5de7241f3c6c,8.5,2025-09-02 14:16:51.159513+00,2025-09-02 14:16:53.714721+00,true
28b460e2-c629-4097-8436-23036030f12b,11502bf3-40e3-468b-b984-b553b20a82c1,81e43532-b6dd-438d-bd72-62be3723c0a4,9.0,2025-09-06 15:58:07.982769+00,2025-09-06 15:58:09.215989+00,true
2b73ece0-8ca7-40b9-aeb3-396b24061a8a,9b575d9d-8764-44fa-b140-57e2b3c497fa,410277eb-539b-460c-aff9-24a4a1521dec,9.0,2025-09-01 18:35:12.67931+00,2025-09-01 18:35:12.67931+00,true
2d00721f-c405-41e6-a771-29daaf1db2ea,1c10be03-ac92-434f-b43b-7c987b06575f,29ea2657-3e45-4d28-9abe-6db1d6cdd41b,8.5,2025-09-01 08:01:40.898414+00,2025-09-01 08:01:40.898414+00,true
2d4db969-259e-486b-bf49-700bbb895c78,5314a005-7435-4da1-b211-9191278c9cdc,410277eb-539b-460c-aff9-24a4a1521dec,9.0,2025-09-03 21:12:36.872562+00,2025-09-03 21:25:30.364193+00,true
32754ed0-cc0a-4246-b2ab-5d346e8ef345,835a310d-cc69-40aa-a766-87432e1023c6,4de727b2-3853-4fcc-9ad2-2b80d3f02e1c,7.0,2025-09-05 23:05:09.192897+00,2025-09-05 23:12:50.926527+00,true
32fb5d89-c588-41cb-8fb0-5261acc18649,5419992a-3ac6-4d10-8800-ae8ff6bdae11,58fd01fe-b878-41d9-8135-a7f44dbab4d4,10.0,2025-08-27 22:18:12.932204+00,2025-09-03 21:28:03.73102+00,true
334635a6-a7dc-4c1c-8c1b-834cca421f4a,690fd4e7-7db9-4654-bd5d-e92d74421296,b00f5b54-aabe-4272-a5a3-9f75bbf698e9,8.0,2025-09-02 14:16:44.052116+00,2025-09-02 14:16:46.266211+00,true
34604a53-d6a8-4c14-ac1e-38d58278851a,679b6e0b-21fb-475b-b071-96c5b3268dec,0dd6a46d-90a0-4fca-96bc-5de7241f3c6c,8.5,2025-09-02 13:45:40.061611+00,2025-09-02 13:52:26.893158+00,true
34e7ec48-9804-4ba0-96ef-422d7174cc4a,48169d8a-e711-4ae4-84da-a9c20f346742,c7f64752-3e0b-4b9c-b96a-ead26aa0258e,7.0,2025-08-29 22:34:20.297997+00,2025-08-29 22:34:20.297997+00,true
3727330c-86fd-4963-9a06-ae5f019491b7,5419992a-3ac6-4d10-8800-ae8ff6bdae11,bf6f8662-b890-496c-bbd7-6f213b86ca91,,2025-08-31 13:45:44.227497+00,2025-08-31 13:45:44.227497+00,false
38898420-83d0-436a-b41b-e5ba7d03b064,679b6e0b-21fb-475b-b071-96c5b3268dec,410277eb-539b-460c-aff9-24a4a1521dec,8.5,2025-09-01 18:36:15.144943+00,2025-09-01 18:36:15.144943+00,true
39e2b88c-9365-48df-aded-d5465f4bfc3a,6329deff-9bdb-4163-b582-aeb3a4e7e64b,c7f64752-3e0b-4b9c-b96a-ead26aa0258e,,2025-09-01 08:06:40.803169+00,2025-09-01 08:06:40.803169+00,false
3d85986c-33a4-404f-8ce5-d0515bcc3b69,690fd4e7-7db9-4654-bd5d-e92d74421296,e2422f0b-540b-4f35-9ddb-8f4610471bf6,8.5,2025-09-02 14:16:57.285845+00,2025-09-02 14:17:03.474115+00,true
3d995135-bcfb-4c32-aa35-e11724f6f42c,9b575d9d-8764-44fa-b140-57e2b3c497fa,58fd01fe-b878-41d9-8135-a7f44dbab4d4,8.0,2025-09-02 13:44:04.618854+00,2025-09-02 13:48:44.889142+00,true
3e2958bf-c410-4243-8663-917698fdb391,cb9e2d1f-e7b5-4dd6-87f4-e3b732aef99b,5d2a8362-b232-4766-acfa-019ebd70b958,,2025-09-02 13:43:54.48898+00,2025-09-02 13:43:54.48898+00,true
3e7c3e0e-d758-49ff-9535-4dac88f95c92,679b6e0b-21fb-475b-b071-96c5b3268dec,4c11d5fc-32e7-4202-8b96-bc911288d4d6,,2025-08-31 15:10:41.566495+00,2025-08-31 15:10:41.566495+00,false
3ff983a5-5378-4e08-8fa7-ab9a6d2164ce,3b74800b-c413-46d7-b083-b73b90c6bed0,0212b5e3-2b19-44a0-a39f-5c0202307872,,2025-09-01 08:05:55.932262+00,2025-09-01 08:05:55.932262+00,false
40919519-3324-4dd6-856f-ee2a937c8452,6df1e84c-8744-4b26-a816-12efeb265858,0dd6a46d-90a0-4fca-96bc-5de7241f3c6c,7.0,2025-09-02 13:44:40.781058+00,2025-09-02 13:50:07.310308+00,true
41717e03-0843-4114-af72-a49d449e6ac1,68acdb3b-5ff3-4c51-9528-72a708b078ef,bf6f8662-b890-496c-bbd7-6f213b86ca91,,2025-09-02 09:02:41.472329+00,2025-09-02 09:02:41.472329+00,true
41786764-1ee1-4553-88f7-f58a858379e1,835a310d-cc69-40aa-a766-87432e1023c6,a2726890-883c-4164-b951-a0619f43d620,,2025-09-05 23:05:03.22994+00,2025-09-05 23:05:03.22994+00,true
476a1e42-cab0-46ea-9d9a-1b0decc6461f,43fed25d-f623-4c2d-8c56-35ec5724f2b8,29ea2657-3e45-4d28-9abe-6db1d6cdd41b,8.0,2025-09-01 08:00:56.837881+00,2025-09-01 08:02:15.780259+00,true
477c9aec-8670-429c-a705-1d2d1b818652,43fed25d-f623-4c2d-8c56-35ec5724f2b8,e2422f0b-540b-4f35-9ddb-8f4610471bf6,8.0,2025-09-02 13:44:17.902927+00,2025-09-02 13:49:28.745084+00,true
48192cdd-048a-4f62-8b5d-86e728e7b8f4,835a310d-cc69-40aa-a766-87432e1023c6,58fd01fe-b878-41d9-8135-a7f44dbab4d4,3.5,2025-09-05 23:05:01.432168+00,2025-09-05 23:11:58.547704+00,true
48960369-2578-40e1-9a47-7ebdc6066c93,679b6e0b-21fb-475b-b071-96c5b3268dec,4c4fcd34-a462-4c60-aa86-fa9731ea7212,8.0,2025-09-02 13:45:46.130542+00,2025-09-02 13:52:56.827523+00,true
49fbfadc-5b25-4708-b0a3-57c946e6a257,5314a005-7435-4da1-b211-9191278c9cdc,b00f5b54-aabe-4272-a5a3-9f75bbf698e9,8.5,2025-09-03 21:12:36.227893+00,2025-09-04 01:06:26.748071+00,true
4a158e99-c612-4ff0-8bba-d6bb35efb905,6329deff-9bdb-4163-b582-aeb3a4e7e64b,a2726890-883c-4164-b951-a0619f43d620,7.5,2025-09-02 13:45:08.187301+00,2025-09-02 13:51:21.915592+00,true
4cf2f22e-3d0f-4db9-8609-a3597c31b22d,835a310d-cc69-40aa-a766-87432e1023c6,410277eb-539b-460c-aff9-24a4a1521dec,,2025-09-05 23:04:57.641661+00,2025-09-07 12:21:15.808835+00,false
4d8a19ef-f0ac-4be0-818e-599be6be4169,1c10be03-ac92-434f-b43b-7c987b06575f,a2726890-883c-4164-b951-a0619f43d620,9.0,2025-09-02 13:45:31.928171+00,2025-09-02 13:52:02.366607+00,true
4ef220d2-9cf0-4ba3-bc00-33c8c4dc929f,6008db5f-501a-4e3b-85d2-602d6e46b410,9c974d76-199c-4c05-bd80-2a0681451fe1,9.5,2025-09-06 20:36:53.351149+00,2025-09-06 20:36:53.351149+00,false
4f82b84b-8ac7-4d5a-b67d-8c17995045ac,43fed25d-f623-4c2d-8c56-35ec5724f2b8,a2726890-883c-4164-b951-a0619f43d620,7.0,2025-09-02 13:44:21.182359+00,2025-09-02 13:49:41.145424+00,true
4fff2e17-e193-47ed-ab41-625d2a47b4e0,6329deff-9bdb-4163-b582-aeb3a4e7e64b,e2422f0b-540b-4f35-9ddb-8f4610471bf6,7.5,2025-09-02 13:45:05.913754+00,2025-09-02 13:51:14.623094+00,true
50625411-a6ed-4ab5-8c35-9b2e24b3cba0,1b62031b-1418-447c-a679-ea3a57337936,b00f5b54-aabe-4272-a5a3-9f75bbf698e9,4.0,2025-09-02 13:09:09.384221+00,2025-09-02 13:09:14.649227+00,true
52f0cb3e-4f4d-460d-af16-151a2a9076bf,48169d8a-e711-4ae4-84da-a9c20f346742,0dd6a46d-90a0-4fca-96bc-5de7241f3c6c,7.0,2025-08-29 22:34:07.172703+00,2025-08-29 22:35:35.82518+00,true
536c4f24-1444-453b-a66b-a3c9756b4b4d,3b74800b-c413-46d7-b083-b73b90c6bed0,29ea2657-3e45-4d28-9abe-6db1d6cdd41b,6.0,2025-09-01 19:15:43.960488+00,2025-09-01 19:16:01.04993+00,true
55ed6c99-b50a-4a11-ae81-bb8574057c2b,d82c7776-b3a5-4a0c-bd9d-77b5048bba06,c7f64752-3e0b-4b9c-b96a-ead26aa0258e,,2025-08-31 14:37:39.106294+00,2025-08-31 14:37:39.106294+00,false
5692e545-771f-42fc-9f7e-abdcc0202e26,6df1e84c-8744-4b26-a816-12efeb265858,bf6f8662-b890-496c-bbd7-6f213b86ca91,,2025-09-01 08:06:30.771417+00,2025-09-01 08:06:30.771417+00,false
593c00aa-ba0f-4697-aa8a-ee428ae8788b,68acdb3b-5ff3-4c51-9528-72a708b078ef,b00f5b54-aabe-4272-a5a3-9f75bbf698e9,7.5,2025-09-02 13:09:04.405689+00,2025-09-02 13:09:04.405689+00,false
5b6d1eec-7df7-48ee-b2df-ceacdbee4994,43fed25d-f623-4c2d-8c56-35ec5724f2b8,b00f5b54-aabe-4272-a5a3-9f75bbf698e9,7.0,2025-09-02 13:09:49.680548+00,2025-09-02 13:09:55.007773+00,true
5bfa314d-2766-45d8-bd59-328219e4e5c5,e5bba3f6-5a49-4b4b-99d1-102ff1918760,9c974d76-199c-4c05-bd80-2a0681451fe1,9.0,2025-09-06 20:33:30.79346+00,2025-09-06 20:33:32.609705+00,true
5de43f25-026f-444f-b6fa-dc7428edca96,5419992a-3ac6-4d10-8800-ae8ff6bdae11,0dd6a46d-90a0-4fca-96bc-5de7241f3c6c,9.5,2025-08-29 22:33:22.028136+00,2025-08-29 22:33:22.028136+00,true
610dac7d-3960-4bef-8d0e-151d4a9b7095,48169d8a-e711-4ae4-84da-a9c20f346742,58fd01fe-b878-41d9-8135-a7f44dbab4d4,7.5,2025-09-01 19:14:53.455315+00,2025-09-03 21:27:46.400302+00,true
62a57ca5-cf24-4c36-8c88-fa89e687cf55,679b6e0b-21fb-475b-b071-96c5b3268dec,c7f64752-3e0b-4b9c-b96a-ead26aa0258e,,2025-08-31 14:59:37.515984+00,2025-08-31 14:59:37.515984+00,false
636e05f7-b0dd-4eed-b46c-80f0dc24c003,6329deff-9bdb-4163-b582-aeb3a4e7e64b,410277eb-539b-460c-aff9-24a4a1521dec,8.0,2025-09-01 18:35:57.430716+00,2025-09-01 18:35:57.430716+00,true
63b741e4-0ebf-4b2a-b67d-b7fc0ec55dfe,690fd4e7-7db9-4654-bd5d-e92d74421296,58fd01fe-b878-41d9-8135-a7f44dbab4d4,7.5,2025-09-02 14:17:05.161708+00,2025-09-02 14:17:08.41501+00,true
63d8a920-1ee6-49cf-b6b9-f1b04fd758ae,eaf0004f-7022-4262-a6b1-b6dc0122724c,a2726890-883c-4164-b951-a0619f43d620,8.5,2025-09-02 13:46:02.849342+00,2025-09-02 13:53:18.023976+00,true
6e18148e-eccb-435a-957c-d934a2c0f85a,5314a005-7435-4da1-b211-9191278c9cdc,0dd6a46d-90a0-4fca-96bc-5de7241f3c6c,9.0,2025-09-03 21:12:37.803228+00,2025-09-03 21:30:20.677979+00,true
704fb2d3-e209-4998-864b-07ac37180bb8,62cf4924-0d78-4732-b1a9-24b3726736cc,9c974d76-199c-4c05-bd80-2a0681451fe1,9.0,2025-09-06 20:33:51.568585+00,2025-09-06 20:33:53.673161+00,true
73df7ee2-dbcf-41d1-a1ef-9f202b1b164b,1c10be03-ac92-434f-b43b-7c987b06575f,bf6f8662-b890-496c-bbd7-6f213b86ca91,,2025-09-01 08:06:21.89628+00,2025-09-01 08:06:21.89628+00,false
74282533-4c49-4e37-9d88-ac83e5695970,835a310d-cc69-40aa-a766-87432e1023c6,5d2a8362-b232-4766-acfa-019ebd70b958,3.5,2025-09-05 23:05:08.703884+00,2025-09-05 23:13:59.493435+00,true
74c75447-8c3c-4abb-bf68-ddbfe7c07496,1b62031b-1418-447c-a679-ea3a57337936,29ea2657-3e45-4d28-9abe-6db1d6cdd41b,5.5,2025-09-01 16:56:24.38675+00,2025-09-01 16:56:24.38675+00,true
74d66879-d2a6-4484-947b-d0d692ba0922,cb9e2d1f-e7b5-4dd6-87f4-e3b732aef99b,b00f5b54-aabe-4272-a5a3-9f75bbf698e9,3.0,2025-09-02 13:07:52.893232+00,2025-09-02 13:07:54.733375+00,true
7501ea99-ed57-420d-a89e-85d11ecc7ff8,eaf0004f-7022-4262-a6b1-b6dc0122724c,b00f5b54-aabe-4272-a5a3-9f75bbf698e9,8.5,2025-09-02 13:08:28.854577+00,2025-09-02 13:08:30.53307+00,true
78537641-dd35-4217-8492-5574c714b377,cb9e2d1f-e7b5-4dd6-87f4-e3b732aef99b,58fd01fe-b878-41d9-8135-a7f44dbab4d4,4.0,2025-09-02 13:43:46.067566+00,2025-09-05 23:20:50.4561+00,true
790e6c23-5601-47f0-a213-84d6e756888d,3b74800b-c413-46d7-b083-b73b90c6bed0,58fd01fe-b878-41d9-8135-a7f44dbab4d4,6.0,2025-09-02 14:20:30.435995+00,2025-09-02 14:20:32.268348+00,true
7981ed16-52be-43fd-b819-9355504aa775,38181315-8a50-4db0-a01c-1cdb1076b1a1,f47f4579-1502-4ca3-8997-2b8826c49806,,2025-09-06 16:00:04.831642+00,2025-09-06 16:00:04.831642+00,true
79aee909-c63f-46e9-a640-a1c248984bce,68acdb3b-5ff3-4c51-9528-72a708b078ef,29ea2657-3e45-4d28-9abe-6db1d6cdd41b,8.0,2025-09-01 19:14:06.332768+00,2025-09-04 12:48:05.014209+00,true
7b032135-a766-427f-81d7-0fd8877c499e,0f92d7f9-708f-4265-b7a0-321dcc57bc4e,9c974d76-199c-4c05-bd80-2a0681451fe1,1.0,2025-09-06 20:27:12.546453+00,2025-09-06 20:27:14.04608+00,true
7d9a3eca-a5e6-48ad-9b6e-07fdb9638f89,43fed25d-f623-4c2d-8c56-35ec5724f2b8,c7f64752-3e0b-4b9c-b96a-ead26aa0258e,,2025-09-01 08:06:48.734228+00,2025-09-01 08:06:48.734228+00,false
7e0cfb99-2ec6-4b8d-9434-c048c51e5d5c,3b74800b-c413-46d7-b083-b73b90c6bed0,c7f64752-3e0b-4b9c-b96a-ead26aa0258e,7.5,2025-09-02 14:20:39.338896+00,2025-09-02 14:20:42.271748+00,true
7e63d1d7-52ef-4cb7-860b-2b7bbe095318,d82c7776-b3a5-4a0c-bd9d-77b5048bba06,e2422f0b-540b-4f35-9ddb-8f4610471bf6,9.5,2025-08-31 14:37:13.027102+00,2025-08-31 14:37:13.027102+00,true
81d2b5fb-bae4-4365-9921-b692533f35bc,679b6e0b-21fb-475b-b071-96c5b3268dec,29ea2657-3e45-4d28-9abe-6db1d6cdd41b,8.5,2025-08-31 14:57:36.029782+00,2025-08-31 14:57:36.029782+00,true
830da584-119e-48b0-8356-7787dfac85c4,c89b80d8-854b-407b-b6bb-c067969f3096,f47f4579-1502-4ca3-8997-2b8826c49806,2.0,2025-09-01 18:56:22.676644+00,2025-09-01 18:57:49.952178+00,true
83a8f6a4-f8a1-4bce-a944-ce8c998ac413,6914c3bf-993b-4814-ba36-e716e615730d,9c974d76-199c-4c05-bd80-2a0681451fe1,,2025-09-06 20:28:48.097483+00,2025-09-06 20:28:48.097483+00,true
8477786a-054c-43a6-a0d6-de48bd6e43dc,cb9e2d1f-e7b5-4dd6-87f4-e3b732aef99b,410277eb-539b-460c-aff9-24a4a1521dec,3.0,2025-09-01 18:38:46.716169+00,2025-09-01 18:38:46.716169+00,true
855356af-bf6c-4986-a61d-3bf71ea02ac9,27dc54c2-1b46-4fcd-b234-ab2e3a24a51e,410277eb-539b-460c-aff9-24a4a1521dec,,2025-08-31 21:24:36.03833+00,2025-08-31 21:24:36.03833+00,false
861a81f3-b916-40bb-bef5-8c636a155f1c,eaf0004f-7022-4262-a6b1-b6dc0122724c,58fd01fe-b878-41d9-8135-a7f44dbab4d4,9.0,2025-09-02 13:46:01.606324+00,2025-09-02 13:53:10.816464+00,true
8838d843-815a-4f20-a106-001983eadb11,43fed25d-f623-4c2d-8c56-35ec5724f2b8,0dd6a46d-90a0-4fca-96bc-5de7241f3c6c,8.0,2025-09-02 13:44:16.930986+00,2025-09-02 13:49:23.477991+00,true
88aee791-0efb-4c2c-aee8-be2f0e59ad63,3baacdc6-7365-4424-b88d-b21b34a5e85d,e4f7f8ef-e94c-49ba-b692-99cefc421554,9.5,2025-09-06 15:59:43.770723+00,2025-09-06 15:59:46.002174+00,true
8b006e9c-258b-4f71-8cad-7e946b5099ab,1b62031b-1418-447c-a679-ea3a57337936,e2422f0b-540b-4f35-9ddb-8f4610471bf6,5.0,2025-09-02 13:46:13.980138+00,2025-09-02 13:53:41.500746+00,true
8c1d4fa5-12a4-4de9-bffa-24f67284e4b8,3b74800b-c413-46d7-b083-b73b90c6bed0,410277eb-539b-460c-aff9-24a4a1521dec,6.5,2025-09-02 14:20:14.854243+00,2025-09-02 14:20:17.115099+00,true
8d09b43c-8974-4901-97e8-9a4928e0604c,6df1e84c-8744-4b26-a816-12efeb265858,4c4fcd34-a462-4c60-aa86-fa9731ea7212,,2025-09-02 13:44:52.432902+00,2025-09-02 16:03:57.262317+00,false
8d9d2125-5076-4b6f-9930-7558552ea1a0,1c10be03-ac92-434f-b43b-7c987b06575f,410277eb-539b-460c-aff9-24a4a1521dec,9.0,2025-09-01 18:36:08.164723+00,2025-09-01 18:36:08.164723+00,true
8db3c954-c4fd-498c-8473-9df79c6d473d,9b575d9d-8764-44fa-b140-57e2b3c497fa,bf6f8662-b890-496c-bbd7-6f213b86ca91,,2025-09-01 08:00:00.99758+00,2025-09-01 08:00:00.99758+00,false
8df875c1-b773-40e4-95fa-6940ffde691f,d82c7776-b3a5-4a0c-bd9d-77b5048bba06,0212b5e3-2b19-44a0-a39f-5c0202307872,,2025-08-31 14:37:36.274269+00,2025-08-31 14:37:36.274269+00,false
8f2950c4-1a76-48a2-90df-6705322c7403,1b62031b-1418-447c-a679-ea3a57337936,4c11d5fc-32e7-4202-8b96-bc911288d4d6,,2025-09-01 08:06:07.341661+00,2025-09-01 08:06:07.341661+00,false
8fada10f-1909-431d-85a8-17e30f11634d,1b62031b-1418-447c-a679-ea3a57337936,bf6f8662-b890-496c-bbd7-6f213b86ca91,,2025-09-01 08:06:08.71801+00,2025-09-01 08:06:08.71801+00,false
9011e86d-5d0b-47f0-bbfb-d4b0600dac30,d82c7776-b3a5-4a0c-bd9d-77b5048bba06,58fd01fe-b878-41d9-8135-a7f44dbab4d4,8.0,2025-08-31 14:37:00.916046+00,2025-08-31 14:37:00.916046+00,true
90c7152e-2558-4ceb-a60d-d22a5f0e66b8,5419992a-3ac6-4d10-8800-ae8ff6bdae11,c7f64752-3e0b-4b9c-b96a-ead26aa0258e,,2025-08-31 13:45:41.4639+00,2025-08-31 13:45:41.4639+00,false
936eacf5-f414-451b-925e-b3e4e8e3ec09,5419992a-3ac6-4d10-8800-ae8ff6bdae11,410277eb-539b-460c-aff9-24a4a1521dec,1.0,2025-08-27 22:32:59.500017+00,2025-09-03 21:27:54.563196+00,true
95c240f4-c57c-4942-8602-9bf9a1db1c21,1b62031b-1418-447c-a679-ea3a57337936,0dd6a46d-90a0-4fca-96bc-5de7241f3c6c,4.5,2025-09-02 13:46:13.364172+00,2025-09-02 13:53:35.095868+00,true
995bc80c-c583-459e-ac5f-b1846b28cb2a,6329deff-9bdb-4163-b582-aeb3a4e7e64b,b00f5b54-aabe-4272-a5a3-9f75bbf698e9,8.0,2025-09-02 13:09:31.984852+00,2025-09-02 13:09:34.023498+00,true
9a58dbcb-ba31-4ed1-a27e-da13a85d8145,835a310d-cc69-40aa-a766-87432e1023c6,c7f64752-3e0b-4b9c-b96a-ead26aa0258e,,2025-09-05 23:05:03.914446+00,2025-09-05 23:05:03.914446+00,true
9a9c3c2e-8b02-43b8-9781-3251cfd02a85,0f92d7f9-708f-4265-b7a0-321dcc57bc4e,e4f7f8ef-e94c-49ba-b692-99cefc421554,4.0,2025-09-06 20:27:22.51558+00,2025-09-06 20:27:22.51558+00,false
9afd520b-c9ea-4709-817c-06483b935f53,9b575d9d-8764-44fa-b140-57e2b3c497fa,4c11d5fc-32e7-4202-8b96-bc911288d4d6,,2025-09-01 08:00:04.259157+00,2025-09-01 08:00:04.259157+00,false
9cd13b89-788e-485e-934f-924c5beeea87,d82c7776-b3a5-4a0c-bd9d-77b5048bba06,bf6f8662-b890-496c-bbd7-6f213b86ca91,9.5,2025-08-31 14:37:28.905895+00,2025-08-31 14:37:28.905895+00,true
9ddbd332-0ee7-4339-9cb4-b470ddcd7d20,6df1e84c-8744-4b26-a816-12efeb265858,410277eb-539b-460c-aff9-24a4a1521dec,5.5,2025-09-01 18:36:01.77571+00,2025-09-01 18:36:01.77571+00,true
9e3c5383-ecf1-451d-8677-37032e5e71ba,cb9e2d1f-e7b5-4dd6-87f4-e3b732aef99b,a2726890-883c-4164-b951-a0619f43d620,,2025-09-02 13:43:48.293251+00,2025-09-02 13:43:48.293251+00,true
a02be0db-623e-4c05-8eea-8a949dddfdec,6329deff-9bdb-4163-b582-aeb3a4e7e64b,bf6f8662-b890-496c-bbd7-6f213b86ca91,,2025-09-01 08:06:40.171993+00,2025-09-01 08:06:40.171993+00,false
a0baed86-23ee-41de-b53d-c3b1a7cad240,eaf0004f-7022-4262-a6b1-b6dc0122724c,e2422f0b-540b-4f35-9ddb-8f4610471bf6,9.0,2025-09-02 13:46:00.950897+00,2025-09-02 13:53:08.712533+00,true
a1aa4d7e-e9ae-496a-8f8b-46bdaa946cd8,27dab5be-09a9-4948-95ea-b486740ade1c,9c974d76-199c-4c05-bd80-2a0681451fe1,1.0,2025-08-26 17:21:18.443099+00,2025-08-26 17:21:18.443099+00,
a1e488d8-cbd2-4e9b-bdd3-55c9250d011b,43fed25d-f623-4c2d-8c56-35ec5724f2b8,410277eb-539b-460c-aff9-24a4a1521dec,9.5,2025-09-01 18:35:39.305181+00,2025-09-01 18:35:39.305181+00,true
a4ca61c4-45e1-4a99-8521-dbc338f29d42,3b74800b-c413-46d7-b083-b73b90c6bed0,4c11d5fc-32e7-4202-8b96-bc911288d4d6,,2025-09-01 08:05:53.024195+00,2025-09-01 08:05:53.024195+00,false
a76e664e-7249-446f-8e7d-cb58e1996fcf,5419992a-3ac6-4d10-8800-ae8ff6bdae11,29ea2657-3e45-4d28-9abe-6db1d6cdd41b,10.0,2025-08-27 22:16:21.247008+00,2025-09-03 21:28:05.056849+00,true
a7c12be5-e83c-4de7-89ba-220342f89df8,690fd4e7-7db9-4654-bd5d-e92d74421296,410277eb-539b-460c-aff9-24a4a1521dec,8.0,2025-09-02 14:16:40.476285+00,2025-09-02 14:16:42.708986+00,true
a8264e09-cae4-4a58-8218-b3d5e13cb89b,48169d8a-e711-4ae4-84da-a9c20f346742,0212b5e3-2b19-44a0-a39f-5c0202307872,,2025-08-31 13:46:12.783553+00,2025-08-31 13:46:12.783553+00,false
aa098cec-c260-4f8e-a94e-0eaee7af67b6,27dc54c2-1b46-4fcd-b234-ab2e3a24a51e,bf6f8662-b890-496c-bbd7-6f213b86ca91,,2025-08-31 21:24:41.719413+00,2025-08-31 21:24:41.719413+00,false
aa8e4d92-cd32-453b-ab61-ef0a0251a33c,1c10be03-ac92-434f-b43b-7c987b06575f,0dd6a46d-90a0-4fca-96bc-5de7241f3c6c,8.5,2025-09-02 13:45:28.277192+00,2025-09-02 13:51:39.703594+00,true
aace5013-b9c6-49ea-a658-9b55a667742c,38181315-8a50-4db0-a01c-1cdb1076b1a1,9c974d76-199c-4c05-bd80-2a0681451fe1,1.0,2025-09-06 14:28:02.197597+00,2025-09-06 14:28:02.197597+00,false
ac0eff68-6b53-4c1f-8e35-60afd3433f32,5419992a-3ac6-4d10-8800-ae8ff6bdae11,e2422f0b-540b-4f35-9ddb-8f4610471bf6,9.0,2025-08-27 22:55:00.129709+00,2025-09-03 21:28:02.232409+00,false
ad5b1345-9d27-4c00-81cc-fb1ea1a0c545,27dc54c2-1b46-4fcd-b234-ab2e3a24a51e,0212b5e3-2b19-44a0-a39f-5c0202307872,,2025-08-31 21:24:42.356364+00,2025-08-31 21:24:42.356364+00,false
af38d853-60cd-4245-8d9a-f31dabce1ace,27dc54c2-1b46-4fcd-b234-ab2e3a24a51e,e2422f0b-540b-4f35-9ddb-8f4610471bf6,,2025-08-31 21:24:37.438831+00,2025-08-31 21:24:37.438831+00,false
afcbeae7-902e-464c-a884-4cb2406259b8,3b74800b-c413-46d7-b083-b73b90c6bed0,e2422f0b-540b-4f35-9ddb-8f4610471bf6,4.0,2025-09-02 14:20:26.762089+00,2025-09-02 14:20:28.529015+00,true
afd02b1b-8302-4db1-a837-e84bc3d2c6a5,1b62031b-1418-447c-a679-ea3a57337936,410277eb-539b-460c-aff9-24a4a1521dec,6.0,2025-09-01 18:36:52.967816+00,2025-09-01 18:36:52.967816+00,true
b1b2ae5d-9c1e-4822-9129-38ede2d54005,68acdb3b-5ff3-4c51-9528-72a708b078ef,410277eb-539b-460c-aff9-24a4a1521dec,8.0,2025-09-02 09:02:45.213694+00,2025-09-02 14:15:20.39003+00,true
b2f4e307-466c-4fee-937c-26ba4f3b56e0,835a310d-cc69-40aa-a766-87432e1023c6,b00f5b54-aabe-4272-a5a3-9f75bbf698e9,2.5,2025-09-05 23:04:58.404167+00,2025-09-05 23:05:30.739287+00,true
b512cad9-c005-4750-839c-fc816a2471c7,cb9e2d1f-e7b5-4dd6-87f4-e3b732aef99b,e2422f0b-540b-4f35-9ddb-8f4610471bf6,,2025-09-02 13:43:45.167118+00,2025-09-02 13:43:45.167118+00,true
b5a89a0e-8712-4ef2-b289-ca5b8860a7f1,cb9e2d1f-e7b5-4dd6-87f4-e3b732aef99b,0212b5e3-2b19-44a0-a39f-5c0202307872,,2025-09-02 13:43:52.567657+00,2025-09-02 13:43:52.567657+00,true
b675832a-64f0-4270-93bc-b135b4c3745f,1c10be03-ac92-434f-b43b-7c987b06575f,4c11d5fc-32e7-4202-8b96-bc911288d4d6,,2025-09-01 08:06:19.607509+00,2025-09-01 08:06:19.607509+00,false
b94e7c99-3ae7-4534-b735-5c63d9b80ef2,cb9e2d1f-e7b5-4dd6-87f4-e3b732aef99b,4de727b2-3853-4fcc-9ad2-2b80d3f02e1c,7.5,2025-09-02 13:43:55.278888+00,2025-09-05 23:14:01.07636+00,true
b9c838c2-8bc1-4bd7-ba7b-80515c198c12,27dc54c2-1b46-4fcd-b234-ab2e3a24a51e,c7f64752-3e0b-4b9c-b96a-ead26aa0258e,,2025-09-02 16:05:58.177613+00,2025-09-02 16:05:58.177613+00,true
babeb2eb-18d3-45b1-9b54-870642d79494,6df1e84c-8744-4b26-a816-12efeb265858,c7f64752-3e0b-4b9c-b96a-ead26aa0258e,,2025-09-01 08:06:31.799791+00,2025-09-01 08:06:31.799791+00,false
bb3b38fa-254e-49cb-b224-837c0a609f6e,3b74800b-c413-46d7-b083-b73b90c6bed0,4c4fcd34-a462-4c60-aa86-fa9731ea7212,,2025-09-01 08:05:55.459744+00,2025-09-01 08:05:55.459744+00,false
bb7a3ec7-4c2b-4ce5-9cf2-822b24a7d323,1c10be03-ac92-434f-b43b-7c987b06575f,b00f5b54-aabe-4272-a5a3-9f75bbf698e9,7.5,2025-09-02 13:09:20.661434+00,2025-09-02 13:09:24.47713+00,true
bcfe7c73-6d6f-4ac2-9a42-267419abb5b7,9b575d9d-8764-44fa-b140-57e2b3c497fa,c7f64752-3e0b-4b9c-b96a-ead26aa0258e,,2025-09-01 08:00:01.853123+00,2025-09-01 08:00:01.853123+00,false
be000fa2-1298-4273-a0dc-8fca1d8717e9,836bf553-a68c-429b-9bdc-6753d751509a,9c974d76-199c-4c05-bd80-2a0681451fe1,1.0,2025-08-26 16:55:36.670512+00,2025-08-26 19:48:57.941467+00,
be5a51c3-3bf2-4781-9f76-66cd3fcd74b0,835a310d-cc69-40aa-a766-87432e1023c6,29ea2657-3e45-4d28-9abe-6db1d6cdd41b,3.0,2025-09-05 23:05:02.027169+00,2025-09-05 23:05:46.347226+00,true
bf7f2fcc-fb1c-4169-b95c-fbc27bd60d54,1b62031b-1418-447c-a679-ea3a57337936,a2726890-883c-4164-b951-a0619f43d620,5.0,2025-09-02 13:46:18.292357+00,2025-09-02 13:53:55.397974+00,true
c039c4d0-b836-4cb4-8c0f-d7e3498ecfaa,43fed25d-f623-4c2d-8c56-35ec5724f2b8,4c4fcd34-a462-4c60-aa86-fa9731ea7212,8.5,2025-09-02 13:44:24.586467+00,2025-09-02 13:49:53.035147+00,true
c0e63382-61d5-465f-92b8-f48212ee589c,0f92d7f9-708f-4265-b7a0-321dcc57bc4e,f47f4579-1502-4ca3-8997-2b8826c49806,2.0,2025-09-06 20:27:16.20041+00,2025-09-06 20:27:16.20041+00,false
c10a2f1c-8b34-4e8f-b4d2-7717c5f8856f,6329deff-9bdb-4163-b582-aeb3a4e7e64b,58fd01fe-b878-41d9-8135-a7f44dbab4d4,7.5,2025-09-02 13:45:06.566227+00,2025-09-02 13:51:11.875208+00,true
c2e61247-f557-485e-a994-450b357dd0c1,27dc54c2-1b46-4fcd-b234-ab2e3a24a51e,58fd01fe-b878-41d9-8135-a7f44dbab4d4,,2025-08-31 21:24:37.904571+00,2025-08-31 21:24:37.904571+00,false
c47dc2f2-4dc3-4e4d-a319-7bbf49ad1981,d82c7776-b3a5-4a0c-bd9d-77b5048bba06,b00f5b54-aabe-4272-a5a3-9f75bbf698e9,8.5,2025-08-31 14:37:18.458336+00,2025-08-31 14:37:18.458336+00,true
c5ccadb0-64e2-4a1b-9a20-a425da8c870f,cb9e2d1f-e7b5-4dd6-87f4-e3b732aef99b,29ea2657-3e45-4d28-9abe-6db1d6cdd41b,2.5,2025-09-01 19:14:36.458995+00,2025-09-01 19:14:36.458995+00,false
c63add91-5b0f-4ea4-909e-41f38e2cc546,48169d8a-e711-4ae4-84da-a9c20f346742,bf6f8662-b890-496c-bbd7-6f213b86ca91,,2025-08-31 13:46:11.814969+00,2025-08-31 13:46:11.814969+00,false
c64588e8-56d2-44f3-abaa-e4e9ca114367,48169d8a-e711-4ae4-84da-a9c20f346742,b00f5b54-aabe-4272-a5a3-9f75bbf698e9,8.0,2025-08-29 22:35:09.258432+00,2025-08-29 22:35:09.258432+00,true
c8d31101-1560-44c8-a423-7be63b616a60,43fed25d-f623-4c2d-8c56-35ec5724f2b8,4c11d5fc-32e7-4202-8b96-bc911288d4d6,8.0,2025-09-01 08:06:47.118792+00,2025-09-02 14:38:31.789559+00,false
c9a1cf73-0c10-4f8f-ae21-aa9c50416813,d82c7776-b3a5-4a0c-bd9d-77b5048bba06,a2726890-883c-4164-b951-a0619f43d620,,2025-08-31 14:37:39.943758+00,2025-08-31 14:37:39.943758+00,false
cc7d95a6-ca52-4b31-b01b-6bbad7699a12,1c10be03-ac92-434f-b43b-7c987b06575f,58fd01fe-b878-41d9-8135-a7f44dbab4d4,7.0,2025-09-02 13:45:29.876021+00,2025-09-02 13:51:54.092106+00,true
ce14ca0f-877f-40ec-8f60-eea68e860c1d,679b6e0b-21fb-475b-b071-96c5b3268dec,a2726890-883c-4164-b951-a0619f43d620,10.0,2025-09-02 13:45:43.260823+00,2025-09-02 13:52:44.737735+00,true
cf537f53-11e5-4f6c-8f07-8ac2f2ebceb6,835a310d-cc69-40aa-a766-87432e1023c6,e2422f0b-540b-4f35-9ddb-8f4610471bf6,,2025-09-05 23:05:00.274388+00,2025-09-05 23:05:00.274388+00,true
cfae898c-6886-47a3-a253-70e81096653a,d82c7776-b3a5-4a0c-bd9d-77b5048bba06,4c4fcd34-a462-4c60-aa86-fa9731ea7212,,2025-08-31 14:37:37.61017+00,2025-08-31 14:37:37.61017+00,false
cfec4e3e-6642-4a28-b32e-cfe38f607c36,48169d8a-e711-4ae4-84da-a9c20f346742,a2726890-883c-4164-b951-a0619f43d620,,2025-08-31 13:46:09.816235+00,2025-08-31 13:46:09.816235+00,false
d1e6fafc-aac3-42bf-8c23-bba70bdd9116,679b6e0b-21fb-475b-b071-96c5b3268dec,0212b5e3-2b19-44a0-a39f-5c0202307872,9.5,2025-09-02 13:45:45.239134+00,2025-09-02 13:52:52.165155+00,true
d2dacb5e-173d-44a5-b01f-2647fb0be4d0,68acdb3b-5ff3-4c51-9528-72a708b078ef,4de727b2-3853-4fcc-9ad2-2b80d3f02e1c,7.0,2025-09-05 23:13:38.839628+00,2025-09-05 23:13:38.839628+00,false
d590a77d-36fb-4549-8622-5736c7925257,eaf0004f-7022-4262-a6b1-b6dc0122724c,29ea2657-3e45-4d28-9abe-6db1d6cdd41b,8.5,2025-09-01 19:12:36.290658+00,2025-09-01 19:12:47.647586+00,true
d691e13c-f2e8-47df-bc6a-53f40d2ff022,cb9e2d1f-e7b5-4dd6-87f4-e3b732aef99b,c7f64752-3e0b-4b9c-b96a-ead26aa0258e,,2025-09-02 13:43:50.587348+00,2025-09-02 13:43:50.587348+00,true
d81e6336-0274-42bd-96a7-d2c67e849359,9b575d9d-8764-44fa-b140-57e2b3c497fa,e2422f0b-540b-4f35-9ddb-8f4610471bf6,7.5,2025-09-02 13:44:02.62089+00,2025-09-02 13:48:51.087568+00,true
d8c02068-90e1-4f24-8daa-e9e0e7c642dc,27dc54c2-1b46-4fcd-b234-ab2e3a24a51e,0dd6a46d-90a0-4fca-96bc-5de7241f3c6c,9.5,2025-09-02 16:05:51.387533+00,2025-09-03 21:29:44.573866+00,true
d8d0ab48-2956-45d4-93ff-ce0a45993217,27dc54c2-1b46-4fcd-b234-ab2e3a24a51e,4c4fcd34-a462-4c60-aa86-fa9731ea7212,,2025-08-31 21:24:43.84433+00,2025-08-31 21:24:43.84433+00,false
d982d1f8-8ee9-4a6e-9908-7e7803aafdc2,68acdb3b-5ff3-4c51-9528-72a708b078ef,0dd6a46d-90a0-4fca-96bc-5de7241f3c6c,7.5,2025-09-02 13:54:23.657534+00,2025-09-02 14:15:34.181473+00,true
d9a8a470-251c-4ff6-a2da-d8b3aede1640,6df1e84c-8744-4b26-a816-12efeb265858,58fd01fe-b878-41d9-8135-a7f44dbab4d4,4.5,2025-09-02 13:44:43.541915+00,2025-09-02 13:50:14.069648+00,true
d9b29207-858c-4331-9441-8e3e1c563de5,6df1e84c-8744-4b26-a816-12efeb265858,4c11d5fc-32e7-4202-8b96-bc911288d4d6,,2025-09-01 08:06:29.09451+00,2025-09-01 08:06:29.09451+00,false
d9d662fb-5470-4f78-8999-681497507ded,6df1e84c-8744-4b26-a816-12efeb265858,e2422f0b-540b-4f35-9ddb-8f4610471bf6,4.5,2025-09-02 13:44:41.732164+00,2025-09-02 13:50:11.577173+00,true
da75595f-0c46-4abc-b1ba-f4e548756e44,1c10be03-ac92-434f-b43b-7c987b06575f,e2422f0b-540b-4f35-9ddb-8f4610471bf6,9.0,2025-09-02 13:45:29.25196+00,2025-09-02 13:51:43.306955+00,true
da7e8a49-633a-43d0-93f2-c4cf4c16553e,835a310d-cc69-40aa-a766-87432e1023c6,0212b5e3-2b19-44a0-a39f-5c0202307872,8.0,2025-09-05 23:05:05.698262+00,2025-09-05 23:14:02.91493+00,true
dadb1d58-630e-4081-9374-1346fa34f94e,3b74800b-c413-46d7-b083-b73b90c6bed0,0dd6a46d-90a0-4fca-96bc-5de7241f3c6c,6.5,2025-09-02 14:20:19.507701+00,2025-09-02 14:20:23.514562+00,true
dfbda304-95da-4743-b643-251d2a391c53,eaf0004f-7022-4262-a6b1-b6dc0122724c,0dd6a46d-90a0-4fca-96bc-5de7241f3c6c,9.0,2025-09-02 13:46:00.13371+00,2025-09-02 13:53:05.41524+00,true
e01e7e74-6365-48b0-a703-0503a01e3ed6,6df1e84c-8744-4b26-a816-12efeb265858,29ea2657-3e45-4d28-9abe-6db1d6cdd41b,5.5,2025-09-01 08:01:16.556452+00,2025-09-01 08:01:16.556452+00,true
e057aaff-6ef3-4252-9e0e-70547ef0d9d7,c89b80d8-854b-407b-b6bb-c067969f3096,9c974d76-199c-4c05-bd80-2a0681451fe1,0.5,2025-09-01 18:56:22.027587+00,2025-09-01 18:57:37.217883+00,true
e13e0041-91db-4762-a320-7330f42069da,5f525d24-b2f9-4677-99eb-0d73fd24b5b9,9c974d76-199c-4c05-bd80-2a0681451fe1,3.0,2025-08-26 20:12:40.11814+00,2025-08-27 22:54:37.031423+00,false
e5a14bd8-31bf-41ef-bc12-1bf3e32ccf80,27dc54c2-1b46-4fcd-b234-ab2e3a24a51e,29ea2657-3e45-4d28-9abe-6db1d6cdd41b,,2025-08-31 21:24:39.365402+00,2025-08-31 21:24:39.365402+00,false
e78c35a6-4f6d-46bb-8e4f-9137a2b29166,1b62031b-1418-447c-a679-ea3a57337936,c7f64752-3e0b-4b9c-b96a-ead26aa0258e,,2025-09-01 08:06:09.470401+00,2025-09-01 08:06:09.470401+00,false
e9297821-b662-4588-bd49-0d7e85601105,6df1e84c-8744-4b26-a816-12efeb265858,b00f5b54-aabe-4272-a5a3-9f75bbf698e9,5.0,2025-09-02 13:09:39.43998+00,2025-09-02 13:09:43.061012+00,true
ea1c1909-47a7-4f45-8e37-fe2bee559c1a,6329deff-9bdb-4163-b582-aeb3a4e7e64b,0dd6a46d-90a0-4fca-96bc-5de7241f3c6c,8.0,2025-09-02 13:45:04.296263+00,2025-09-02 13:51:07.583441+00,true
eaacde5d-8f13-47fd-9a2c-4ef158a5bd5a,6329deff-9bdb-4163-b582-aeb3a4e7e64b,29ea2657-3e45-4d28-9abe-6db1d6cdd41b,8.0,2025-09-01 08:01:22.160488+00,2025-09-01 08:01:22.160488+00,true
eb8e6474-24ca-42ff-8356-a5c74fbfb1e8,9b575d9d-8764-44fa-b140-57e2b3c497fa,29ea2657-3e45-4d28-9abe-6db1d6cdd41b,7.5,2025-09-01 08:00:10.905254+00,2025-09-01 08:00:10.905254+00,true
ec5ff834-7029-4b65-b56b-2d1cc1420e6a,6df1e84c-8744-4b26-a816-12efeb265858,0212b5e3-2b19-44a0-a39f-5c0202307872,6.5,2025-09-02 13:44:51.456633+00,2025-09-02 13:50:55.508477+00,true
ee112bcc-0f67-447d-bde4-53bfb2f641ba,5314a005-7435-4da1-b211-9191278c9cdc,58fd01fe-b878-41d9-8135-a7f44dbab4d4,8.0,2025-09-03 21:12:39.323577+00,2025-09-03 21:26:34.877001+00,true
ee7d91ae-7653-479b-91c0-5ed908b8e3f1,d82c7776-b3a5-4a0c-bd9d-77b5048bba06,0dd6a46d-90a0-4fca-96bc-5de7241f3c6c,9.0,2025-08-31 14:37:07.421864+00,2025-08-31 14:37:07.421864+00,true
eeedcf22-c2e8-4687-8a85-c6e713b20707,38181315-8a50-4db0-a01c-1cdb1076b1a1,4a129334-f055-43ce-849d-5edeb7b82b1f,,2025-09-06 16:00:06.131803+00,2025-09-06 16:00:06.131803+00,true
f1ad0324-f787-47c9-adc6-9e679ed51579,d82c7776-b3a5-4a0c-bd9d-77b5048bba06,29ea2657-3e45-4d28-9abe-6db1d6cdd41b,9.0,2025-08-31 14:37:34.138996+00,2025-08-31 14:37:34.138996+00,true
f33e8552-37ab-4ab7-86ad-6ce3242a5666,679b6e0b-21fb-475b-b071-96c5b3268dec,b00f5b54-aabe-4272-a5a3-9f75bbf698e9,7.5,2025-08-31 15:10:48.550286+00,2025-08-31 15:10:48.550286+00,true
f5095f80-d558-4f50-91d3-e77b0a2dc1cd,43fed25d-f623-4c2d-8c56-35ec5724f2b8,0212b5e3-2b19-44a0-a39f-5c0202307872,6.0,2025-09-02 13:44:23.509883+00,2025-09-02 13:49:48.368462+00,true
f56e3992-66e6-4d66-9cb8-d0588816b414,27dc54c2-1b46-4fcd-b234-ab2e3a24a51e,a2726890-883c-4164-b951-a0619f43d620,,2025-08-31 21:24:39.745984+00,2025-08-31 21:24:39.745984+00,false
f59f6d73-2f2f-441b-86a0-0fb81cc67d13,27dab5be-09a9-4948-95ea-b486740ade1c,f47f4579-1502-4ca3-8997-2b8826c49806,10.0,2025-08-26 16:55:01.64961+00,2025-08-26 17:21:19.573392+00,
f6380ab0-221f-41c7-8c2d-2940e277a7e2,835a310d-cc69-40aa-a766-87432e1023c6,0dd6a46d-90a0-4fca-96bc-5de7241f3c6c,,2025-09-05 23:04:59.236932+00,2025-09-05 23:04:59.236932+00,true
f8db87f1-94f0-4405-b250-249dd11de849,9b575d9d-8764-44fa-b140-57e2b3c497fa,0212b5e3-2b19-44a0-a39f-5c0202307872,8.0,2025-09-02 13:44:08.861189+00,2025-09-02 13:48:55.954027+00,true
fb65555d-3ef9-48e4-8669-1ddd2e776d9b,1c10be03-ac92-434f-b43b-7c987b06575f,0212b5e3-2b19-44a0-a39f-5c0202307872,9.0,2025-09-02 13:45:33.720307+00,2025-09-02 13:52:09.862481+00,true
fcd544a4-afae-4135-8315-fa01e03680a7,9b575d9d-8764-44fa-b140-57e2b3c497fa,0dd6a46d-90a0-4fca-96bc-5de7241f3c6c,8.5,2025-09-02 13:44:01.825078+00,2025-09-02 13:48:35.264915+00,true
fd582542-ab67-40a7-852d-47761380aa7c,679b6e0b-21fb-475b-b071-96c5b3268dec,58fd01fe-b878-41d9-8135-a7f44dbab4d4,8.0,2025-08-31 14:59:20.518607+00,2025-09-02 13:52:36.63504+00,true
fdae4a65-f285-4fcf-8907-17e4b27d70b0,9b575d9d-8764-44fa-b140-57e2b3c497fa,4c4fcd34-a462-4c60-aa86-fa9731ea7212,9.0,2025-09-02 13:44:10.094196+00,2025-09-02 13:49:14.035582+00,true
fea14cc1-3143-4595-adfc-ae0cf3907622,5419992a-3ac6-4d10-8800-ae8ff6bdae11,a2726890-883c-4164-b951-a0619f43d620,,2025-08-31 13:45:39.012905+00,2025-08-31 13:45:39.012905+00,false
ff2e38af-583b-4cda-b592-f2ab59047db0,6df1e84c-8744-4b26-a816-12efeb265858,a2726890-883c-4164-b951-a0619f43d620,,2025-09-02 13:44:49.081538+00,2025-09-02 16:03:54.762316+00,false
ff614254-23ee-4ad1-a2a4-2d664ac1b28e,5f525d24-b2f9-4677-99eb-0d73fd24b5b9,f47f4579-1502-4ca3-8997-2b8826c49806,9.0,2025-08-26 20:12:41.944577+00,2025-08-26 20:12:41.944577+00,